UT,PY,DOI
WOS:000686089100010,2021.0,10.1007/s11192-021-04118-3
WOS:000621730600011,2021.0,10.1007/s11192-021-03883-5
WOS:000582810200003,2021.0,10.1007/s11192-020-03743-8
WOS:000556168300008,2020.0,10.1007/s11192-020-03640-0
WOS:000544354400003,2020.0,10.1007/s11192-020-03563-w
WOS:000530246600001,2020.0,10.1007/s11192-020-03443-3
WOS:000529892100028,2020.0,10.1007/s11192-019-03255-0
WOS:000485943600019,2019.0,10.1007/s11192-019-03208-7
WOS:000451754600020,2018.0,10.1007/s11192-018-2947-8
WOS:000451754300007,2018.0,10.1007/s11192-018-2891-7
WOS:000426807700012,2018.0,10.1007/s11192-018-2661-6
WOS:000389336100039,2016.0,10.1007/s11192-016-2150-8
WOS:000389336100022,2016.0,10.1007/s11192-016-2160-6
WOS:000379346000029,2016.0,10.1007/s11192-014-1403-7
WOS:000374705700001,2016.0,10.1007/s11192-015-1806-0
WOS:000368075800001,2016.0,10.1007/s11192-015-1788-y
WOS:000354489600017,2015.0,10.1007/s11192-015-1565-y
WOS:000352995000012,2015.0,10.1007/s11192-015-1547-0
WOS:000347297400012,2015.0,10.1007/s11192-014-1441-1
WOS:000342228300007,2014.0,10.1007/s11192-014-1423-3
WOS:000331559800037,2014.0,10.1007/s11192-013-1156-8
WOS:000329319200049,2014.0,10.1007/s11192-012-0710-0
WOS:000316046000023,2013.0,10.1007/s11192-012-0903-6
WOS:000306547000015,2012.0,10.1007/s11192-012-0670-4
WOS:000299088900010,2012.0,10.1007/s11192-011-0531-6
WOS:000275417400015,2010.0,10.1007/s11192-009-0021-2
WOS:000270979000005,2009.0,10.1007/s11192-008-2164-y
WOS:000254486000008,2008.0,10.1007/s11192-007-1697-9
WOS:000231158100005,2005.0,10.1007/s11192-005-0254-7
WOS:000705740400007,2021.0,10.1007/s11192-021-04141-4
WOS:000658116700002,2021.0,10.1007/s11192-021-04034-6
WOS:000650816300002,2021.0,10.1007/s11192-021-03984-1
WOS:000630848600005,2021.0,10.1007/s11192-021-03946-7
WOS:000628128900006,2021.0,10.1007/s11192-021-03923-0
WOS:000559588800002,2020.0,10.1007/s11192-020-03530-5
WOS:000530786700003,2020.0,10.1007/s11192-020-03450-4
WOS:000521842600001,2020.0,10.1007/s11192-020-03351-6
WOS:000511927600008,2020.0,10.1007/s11192-019-03317-3
WOS:000491201000017,2019.0,10.1007/s11192-019-03216-7
WOS:000491201000002,2019.0,10.1007/s11192-019-03224-7
WOS:000477044700023,2019.0,10.1007/s11192-019-03140-w
WOS:000471656400015,2019.0,10.1007/s11192-019-03122-y
WOS:000451754600023,2018.0,10.1007/s11192-018-2915-3
WOS:000442737700008,2018.0,10.1007/s11192-018-2860-1
WOS:000425306300029,2018.0,10.1007/s11192-017-2635-0
WOS:000415715100027,2017.0,10.1007/s11192-017-2550-4
WOS:000412527000029,2017.0,10.1007/s11192-017-2242-0
WOS:000412527000021,2017.0,10.1007/s11192-017-2473-0
WOS:000401747900025,2017.0,10.1007/s11192-017-2364-4
WOS:000382915800027,2016.0,10.1007/s11192-016-1942-1
WOS:000373187000004,2016.0,10.1007/s11192-016-1866-9
WOS:000368075800012,2016.0,10.1007/s11192-015-1765-5
WOS:000365130100039,2015.0,10.1007/s11192-015-1741-0
WOS:000351546100013,2015.0,10.1007/s11192-015-1527-4
WOS:000348324000040,2015.0,10.1007/s11192-014-1499-9
WOS:000347297400033,2015.0,10.1007/s11192-014-1434-0
WOS:000327219900004,2013.0,10.1007/s11192-013-1026-4
WOS:000327219900014,2013.0,10.1007/s11192-013-1058-9
WOS:000327219900007,2013.0,10.1007/s11192-013-1027-3
WOS:000280947400017,2010.0,10.1007/s11192-010-0224-6
WOS:000270979000006,2009.0,10.1007/s11192-009-2120-5
WOS:000268019900013,2009.0,10.1007/s11192-008-2065-0
WOS:000252808500008,2008.0,10.1007/s11192-008-0218-9
WOS:000245453300004,2007.0,10.1007/s11192-007-1661-8
WOS:000742257200001,2022.0,10.1007/s11192-021-04209-1
WOS:000671640200007,2021.0,10.1007/s11192-021-04082-y
WOS:000665683000006,2021.0,10.1007/s11192-021-04071-1
WOS:000625725800009,2021.0,10.1007/s11192-021-03912-3
WOS:000624407500004,2021.0,10.1007/s11192-020-03845-3
WOS:000616460200001,2021.0,10.1007/s11192-020-03834-6
WOS:000552196500005,2020.0,10.1007/s11192-020-03621-3
WOS:000548155000007,2020.0,10.1007/s11192-020-03591-6
WOS:000539518600001,2020.0,10.1007/s11192-020-03423-7
WOS:000533060200005,2020.0,10.1007/s11192-020-03501-w
WOS:000517005400002,2020.0,10.1007/s11192-020-03391-y
WOS:000495302900008,2019.0,10.1007/s11192-019-03258-x
WOS:000481434200020,2019.0,10.1007/s11192-019-03172-2
WOS:000477044700005,2019.0,10.1007/s11192-019-03131-x
WOS:000464901100010,2019.0,10.1007/s11192-019-03056-5
WOS:000458190700020,2019.0,10.1007/s11192-018-2983-4
WOS:000456290600001,2019.0,10.1007/s11192-018-2954-9
WOS:000451754600007,2018.0,10.1007/s11192-018-2907-3
WOS:000442007200033,2018.0,10.1007/s11192-018-2810-y
WOS:000440597800022,2018.0,10.1007/s11192-018-2777-8
WOS:000438126800007,2018.0,10.1007/s11192-018-2762-2
WOS:000438126800011,2018.0,10.1007/s11192-018-2750-6
WOS:000438126800029,2018.0,10.1007/s11192-018-2733-7
WOS:000426807700014,2018.0,10.1007/s11192-018-2639-4
WOS:000412920200015,2017.0,10.1007/s11192-017-2497-5
WOS:000406497200035,2017.0,10.1007/s11192-017-2446-3
WOS:000405275500005,2017.0,10.1007/s11192-017-2409-8
WOS:000403466900031,2017.0,10.1007/s11192-017-2333-y
WOS:000403466900002,2017.0,10.1007/s11192-017-2387-x
WOS:000394148300024,2017.0,10.1007/s11192-016-2191-z
WOS:000393748300026,2017.0,10.1007/s11192-016-2107-y
WOS:000393748300003,2017.0,10.1007/s11192-016-2157-1
WOS:000389336100002,2016.0,10.1007/s11192-016-2131-y
WOS:000386373000039,2016.0,10.1007/s11192-016-2111-2
WOS:000373187000012,2016.0,10.1007/s11192-016-1902-9
WOS:000352995000001,2015.0,10.1007/s11192-015-1557-y
WOS:000350337000006,2015.0,10.1007/s11192-014-1493-2
WOS:000347297400034,2015.0,10.1007/s11192-014-1421-5
WOS:000330622600016,2014.0,10.1007/s11192-013-1066-9
WOS:000330622600011,2014.0,10.1007/s11192-013-1115-4
WOS:000330622600024,2014.0,10.1007/s11192-013-1182-6
WOS:000327219900006,2013.0,10.1007/s11192-013-1038-0
WOS:000320401500023,2013.0,10.1007/s11192-013-0953-4
WOS:000318807000015,2013.0,10.1007/s11192-012-0895-2
WOS:000318807000009,2013.0,10.1007/s11192-013-0965-0
WOS:000316046000002,2013.0,10.1007/s11192-012-0816-4
WOS:000294839200009,2011.0,10.1007/s11192-011-0436-4
WOS:000283090300003,2010.0,10.1007/s11192-010-0286-5
WOS:000282048200009,2010.0,10.1007/s11192-010-0266-9
WOS:000274111600011,2010.0,10.1007/s11192-009-0053-7
WOS:000256779500011,2008.0,10.1007/s11192-007-1886-6
WOS:000245453300007,2007.0,10.1007/s11192-007-1666-3
WOS:000235904000004,2006.0,10.1556/Scient.67.2006.1.4
WOS:000240477000006,2006.0,10.1007/s11192-006-0140-y
WOS:000701634100002,2021.0,10.1007/s11192-021-04130-7
WOS:000658602800001,2021.0,10.1007/s11192-021-04065-z
WOS:000644380300021,2021.0,10.1007/s11192-021-03968-1
WOS:000644380300029,2021.0,10.1007/s11192-021-03940-z
WOS:000633283300001,2021.0,10.1007/s11192-021-03948-5
WOS:000625725800008,2021.0,10.1007/s11192-021-03926-x
WOS:000552196500008,2020.0,10.1007/s11192-020-03625-z
WOS:000544354400011,2020.0,10.1007/s11192-020-03548-9
WOS:000530786700007,2020.0,10.1007/s11192-020-03445-1
WOS:000527509900003,2020.0,10.1007/s11192-020-03475-9
WOS:000491201000011,2019.0,10.1007/s11192-019-03220-x
WOS:000491413900002,2019.0,10.1007/s11192-019-03270-1
WOS:000485943600008,2019.0,10.1007/s11192-019-03203-y
WOS:000477044700011,2019.0,10.1007/s11192-019-03132-w
WOS:000469058000013,2019.0,10.1007/s11192-019-03106-y
WOS:000464901100014,2019.0,10.1007/s11192-019-03060-9
WOS:000451754300012,2018.0,10.1007/s11192-018-2911-7
WOS:000440597800001,2018.0,10.1007/s11192-018-2772-0
WOS:000440597800023,2018.0,10.1007/s11192-018-2796-5
WOS:000437262800007,2018.0,10.1007/s11192-018-2727-5
WOS:000412920200011,2017.0,10.1007/s11192-017-2509-5
WOS:000406497200021,2017.0,10.1007/s11192-017-2449-0
WOS:000399871500025,2017.0,10.1007/s11192-017-2302-5
WOS:000389336100015,2016.0,10.1007/s11192-016-2125-9
WOS:000382914200033,2016.0,10.1007/s11192-016-2026-y
WOS:000373187000017,2016.0,10.1007/s11192-016-1877-6
WOS:000365130100044,2015.0,10.1007/s11192-015-1630-6
WOS:000355948600009,2015.0,10.1007/s11192-015-1600-z
WOS:000351546100001,2015.0,10.1007/s11192-014-1515-0
WOS:000347297400022,2015.0,10.1007/s11192-014-1251-5
WOS:000347297400043,2015.0,10.1007/s11192-014-1393-5
WOS:000345136000016,2014.0,10.1007/s11192-014-1280-0
WOS:000339379600011,2014.0,10.1007/s11192-014-1242-6
WOS:000335905000017,2014.0,10.1007/s11192-014-1258-y
WOS:000335905000012,2014.0,10.1007/s11192-013-1200-8
WOS:000324275600005,2013.0,10.1007/s11192-013-1025-5
WOS:000317746900010,2013.0,10.1007/s11192-012-0929-9
WOS:000317746900013,2013.0,10.1007/s11192-012-0884-5
WOS:000306547000022,2012.0,10.1007/s11192-012-0669-x
WOS:000299088900003,2012.0,10.1007/s11192-011-0533-4
WOS:000294839700003,2011.0,10.1007/s11192-011-0453-3
WOS:000255094900012,2008.0,10.1007/s11192-007-1869-7
WOS:000250198400003,2007.0,10.1007/s11192-006-1797-y
WOS:000180326300006,2003.0,10.1023/A:1021971212438
WOS:000722104300002,2022.0,10.1007/s11192-021-04176-7
WOS:000664849500013,2021.0,10.1007/s11192-021-04059-x
WOS:000644380300015,2021.0,10.1007/s11192-021-03893-3
WOS:000633283300005,2021.0,10.1007/s11192-021-03942-x
WOS:000630848600002,2021.0,10.1007/s11192-021-03939-6
WOS:000621730600014,2021.0,10.1007/s11192-020-03841-7
WOS:000578562100013,2020.0,10.1007/s11192-020-03735-8
WOS:000569300100010,2020.0,10.1007/s11192-020-03688-y
WOS:000565497900001,2020.0,10.1007/s11192-020-03686-0
WOS:000516578700020,2020.0,10.1007/s11192-020-03349-0
WOS:000527503300001,2020.0,10.1007/s11192-020-03358-z
WOS:000495302900019,2019.0,10.1007/s11192-019-03244-3
WOS:000485943600018,2019.0,10.1007/s11192-019-03206-9
WOS:000481434200016,2019.0,10.1007/s11192-019-03170-4
WOS:000477044700003,2019.0,10.1007/s11192-019-03136-6
WOS:000477044700018,2019.0,10.1007/s11192-019-03155-3
WOS:000477044700017,2019.0,10.1007/s11192-019-03144-6
WOS:000471656400004,2019.0,10.1007/s11192-019-03115-x
WOS:000458190700001,2019.0,10.1007/s11192-018-02999-5
WOS:000438126800019,2018.0,10.1007/s11192-018-2746-2
WOS:000438126800022,2018.0,10.1007/s11192-018-2711-0
WOS:000429006100016,2018.0,10.1007/s11192-018-2705-y
WOS:000412527000031,2017.0,10.1007/s11192-017-2244-y
WOS:000403466900010,2017.0,10.1007/s11192-017-2284-3
WOS:000399871500024,2017.0,10.1007/s11192-017-2301-6
WOS:000382915800003,2016.0,10.1007/s11192-016-2004-4
WOS:000342228300011,2014.0,10.1007/s11192-014-1357-9
WOS:000329319200034,2014.0,10.1007/s11192-013-1060-2
WOS:000329319200018,2014.0,10.1007/s11192-013-1037-1
WOS:000327219900015,2013.0,10.1007/s11192-013-1013-9
WOS:000327219900017,2013.0,10.1007/s11192-013-0984-x
WOS:000317746900012,2013.0,10.1007/s11192-012-0883-6
WOS:000313016300016,2013.0,10.1007/s11192-012-0763-0
WOS:000313016300012,2013.0,10.1007/s11192-012-0733-6
WOS:000303533600002,2012.0,10.1007/s11192-012-0629-5
WOS:000292210200006,2011.0,10.1007/s11192-011-0364-3
WOS:000271989600010,2009.0,10.1007/s11192-009-2236-0
WOS:000265778100001,2009.0,10.1007/s11192-009-0414-2
WOS:000251368500004,2007.0,10.1007/s11192-007-1692-1
WOS:000681571100003,2021.0,10.1007/s11192-021-04108-5
WOS:000681571100001,2021.0,10.1007/s11192-021-04103-w
WOS:000664849500019,2021.0,10.1007/s11192-021-04055-1
WOS:000630848600006,2021.0,10.1007/s11192-021-03943-w
WOS:000621730600013,2021.0,10.1007/s11192-021-03870-w
WOS:000571691800001,2021.0,10.1007/s11192-020-03690-4
WOS:000544354400002,2020.0,10.1007/s11192-020-03552-z
WOS:000539970600005,2020.0,10.1007/s11192-020-03555-w
WOS:000522019000009,2020.0,10.1007/s11192-020-03429-1
WOS:000517005400003,2020.0,10.1007/s11192-020-03383-y
WOS:000485943600024,2019.0,10.1007/s11192-019-03184-y
WOS:000481434200013,2019.0,10.1007/s11192-019-03160-6
WOS:000464901100001,2019.0,10.1007/s11192-019-03084-1
WOS:000438126800016,2018.0,10.1007/s11192-018-2761-3
WOS:000429006100009,2018.0,10.1007/s11192-018-2676-z
WOS:000429006100006,2018.0,10.1007/s11192-018-2690-1
WOS:000415715100019,2017.0,10.1007/s11192-017-2532-6
WOS:000412920200022,2017.0,10.1007/s11192-017-2517-5
WOS:000405275500023,2017.0,10.1007/s11192-017-2400-4
WOS:000401747900022,2017.0,10.1007/s11192-017-2312-3
WOS:000399871500023,2017.0,10.1007/s11192-017-2300-7
WOS:000398770700024,2017.0,10.1007/s11192-017-2261-x
WOS:000394148300001,2017.0,10.1007/s11192-016-2214-9
WOS:000389336100024,2016.0,10.1007/s11192-016-2120-1
WOS:000386373000037,2016.0,10.1007/s11192-016-2086-z
WOS:000379346000033,2016.0,10.1007/s11192-016-1874-9
WOS:000379346000024,2016.0,10.1007/s11192-016-1991-5
WOS:000376273700012,2016.0,10.1007/s11192-016-1890-9
WOS:000368075800007,2016.0,10.1007/s11192-015-1785-1
WOS:000365130100003,2015.0,10.1007/s11192-015-1767-3
WOS:000355948600006,2015.0,10.1007/s11192-015-1538-1
WOS:000350337000027,2015.0,10.1007/s11192-014-1477-2
WOS:000350337000024,2015.0,10.1007/s11192-014-1479-0
WOS:000348324000015,2015.0,10.1007/s11192-014-1491-4
WOS:000335905000001,2014.0,10.1007/s11192-013-1000-1
WOS:000317746900007,2013.0,10.1007/s11192-012-0851-1
WOS:000313016300015,2013.0,10.1007/s11192-012-0758-x
WOS:000303533600006,2012.0,10.1007/s11192-012-0693-x
WOS:000299088900001,2012.0,10.1007/s11192-011-0488-5
WOS:000292210200007,2011.0,10.1007/s11192-011-0389-7
WOS:000267368100013,2009.0,10.1007/s11192-008-2062-3
WOS:000238261900010,2006.0,10.1556/Scient.67.2006.3.10
WOS:000705740400008,2021.0,10.1007/s11192-021-04137-0
WOS:000650816300001,2021.0,10.1007/s11192-021-03931-0
WOS:000615174000005,2021.0,10.1007/s11192-021-03864-8
WOS:000591433400004,2021.0,10.1007/s11192-020-03780-3
WOS:000585801800002,2020.0,10.1007/s11192-020-03771-4
WOS:000543290600007,2020.0,10.1007/s11192-020-03587-2
WOS:000535408600001,2020.0,10.1007/s11192-020-03498-2
WOS:000535409500001,2020.0,10.1007/s11192-020-03523-4
WOS:000530786700002,2020.0,10.1007/s11192-020-03440-6
WOS:000516578700008,2020.0,10.1007/s11192-020-03352-5
WOS:000516578700010,2020.0,10.1007/s11192-020-03362-3
WOS:000485943600004,2019.0,10.1007/s11192-019-03197-7
WOS:000477044700016,2019.0,10.1007/s11192-019-03142-8
WOS:000477044700020,2019.0,10.1007/s11192-019-03135-7
WOS:000471656400009,2019.0,10.1007/s11192-019-03126-8
WOS:000464901100016,2019.0,10.1007/s11192-019-03080-5
WOS:000425306300020,2018.0,10.1007/s11192-017-2631-4
WOS:000419397900004,2018.0,10.1007/s11192-017-2578-5
WOS:000419397900001,2018.0,10.1007/s11192-017-2571-z
WOS:000415715100014,2017.0,10.1007/s11192-017-2554-0
WOS:000412920200001,2017.0,10.1007/s11192-017-2500-1
WOS:000398770700006,2017.0,10.1007/s11192-017-2277-2
WOS:000394339500009,2017.0,10.1007/s11192-016-2218-5
WOS:000394148300028,2017.0,10.1007/s11192-016-2199-4
WOS:000393748300029,2017.0,10.1007/s11192-016-2110-3
WOS:000389336100050,2016.0,10.1007/s11192-016-2123-y
WOS:000389336100035,2016.0,10.1007/s11192-016-2119-7
WOS:000379346000002,2016.0,10.1007/s11192-016-1988-0
WOS:000361992800030,2015.0,10.1007/s11192-015-1674-7
WOS:000359143200013,2015.0,10.1007/s11192-015-1608-4
WOS:000354489600001,2015.0,10.1007/s11192-015-1563-0
WOS:000348324000020,2015.0,10.1007/s11192-014-1459-4
WOS:000335905000020,2014.0,10.1007/s11192-013-1209-z
WOS:000310964500008,2012.0,10.1007/s11192-012-0794-6
WOS:000300325800002,2012.0,10.1007/s11192-011-0555-y
WOS:000287665900004,2011.0,10.1007/s11192-010-0305-6
WOS:000282048200007,2010.0,10.1007/s11192-010-0198-4
WOS:000280274400009,2010.0,10.1007/s11192-009-0147-2
WOS:000268019900015,2009.0,10.1007/s11192-009-0073-3
WOS:000263155900006,2009.0,10.1007/s11192-007-1993-4
WOS:000254939600003,2008.0,10.1007/s11192-007-1825-6
WOS:000252808500003,2008.0,10.1007/s11192-008-0213-1
WOS:000223177700005,2004.0,10.1023/B:SCIE.0000037363.49623.28
WOS:000188424200007,2004.0,
WOS:000686089100002,2021.0,10.1007/s11192-021-04126-3
WOS:000664849500008,2021.0,10.1007/s11192-021-04063-1
WOS:000625725800012,2021.0,10.1007/s11192-021-03920-3
WOS:000624407500002,2021.0,10.1007/s11192-021-03894-2
WOS:000621730600002,2021.0,10.1007/s11192-021-03868-4
WOS:000618580600002,2021.0,10.1007/s11192-020-03827-5
WOS:000531002500001,2020.0,10.1007/s11192-020-03455-z
WOS:000524648900001,2020.0,10.1007/s11192-020-03437-1
WOS:000511927600010,2020.0,10.1007/s11192-019-03326-2
WOS:000507794700001,2020.0,10.1007/s11192-019-03340-4
WOS:000490369400003,2019.0,10.1007/s11192-019-03233-6
WOS:000485943600009,2019.0,10.1007/s11192-019-03204-x
WOS:000464901100004,2019.0,10.1007/s11192-019-03053-8
WOS:000442007200023,2018.0,10.1007/s11192-018-2824-5
WOS:000419397900018,2018.0,10.1007/s11192-017-2567-8
WOS:000415715100034,2017.0,10.1007/s11192-017-2487-7
WOS:000412920200028,2017.0,10.1007/s11192-017-2490-z
WOS:000412920200018,2017.0,10.1007/s11192-017-2499-3
WOS:000405275500019,2017.0,10.1007/s11192-017-2405-z
WOS:000403466900004,2017.0,10.1007/s11192-017-2377-z
WOS:000394339500026,2017.0,10.1007/s11192-016-2228-3
WOS:000394339500025,2017.0,10.1007/s11192-016-2216-7
WOS:000376273700006,2016.0,10.1007/s11192-016-1891-8
WOS:000376273700005,2016.0,10.1007/s11192-016-1895-4
WOS:000369017300006,2016.0,10.1007/s11192-015-1792-2
WOS:000359143200001,2015.0,10.1007/s11192-015-1632-4
WOS:000334277800011,2014.0,10.1007/s11192-013-1227-x
WOS:000331559800003,2014.0,10.1007/s11192-013-1154-x
WOS:000320401500004,2013.0,10.1007/s11192-013-0952-5
WOS:000318807000012,2013.0,10.1007/s11192-012-0928-x
WOS:000310230400009,2012.0,10.1007/s11192-012-0680-2
WOS:000307517500007,2012.0,10.1007/s11192-011-0570-z
WOS:000297708000016,2012.0,10.1007/s11192-011-0498-3
WOS:000292210400011,2011.0,10.1007/s11192-011-0397-7
WOS:000283090300004,2010.0,10.1007/s11192-010-0215-7
WOS:000276499500013,2010.0,10.1007/s11192-009-0011-4
WOS:000265778100008,2009.0,10.1007/s11192-009-0421-3
WOS:000261950000001,2008.0,10.1007/s11192-007-1968-5
WOS:000220003600005,2004.0,10.1023/B:SCIE.0000018531.24886.00
WOS:000710334600005,2021.0,10.1007/s11192-021-04191-8
WOS:000705740400001,2021.0,10.1007/s11192-021-04147-y
WOS:000671640200006,2021.0,10.1007/s11192-021-04094-8
WOS:000644380300005,2021.0,10.1007/s11192-021-03957-4
WOS:000571691800007,2020.0,10.1007/s11192-020-03706-z
WOS:000559304800006,2020.0,10.1007/s11192-020-03646-8
WOS:000556168300006,2020.0,10.1007/s11192-020-03643-x
WOS:000549661600001,2020.0,10.1007/s11192-020-03614-2
WOS:000539665900002,2020.0,10.1007/s11192-020-03502-9
WOS:000529892100030,2020.0,10.1007/s11192-019-03283-w
WOS:000517111200029,2020.0,10.1007/s11192-019-03301-x
WOS:000485943600010,2019.0,10.1007/s11192-019-03199-5
WOS:000481434200015,2019.0,10.1007/s11192-019-03157-1
WOS:000477044700004,2019.0,10.1007/s11192-019-03018-x
WOS:000471656400005,2019.0,10.1007/s11192-019-03110-2
WOS:000464901100018,2019.0,10.1007/s11192-019-03065-4
WOS:000456290600018,2019.0,10.1007/s11192-018-2960-y
WOS:000442737700027,2018.0,10.1007/s11192-018-2876-6
WOS:000426807700010,2018.0,10.1007/s11192-018-2667-0
WOS:000426807700001,2018.0,10.1007/s11192-017-2622-5
WOS:000415715100021,2017.0,10.1007/s11192-017-2521-9
WOS:000415715100007,2017.0,10.1007/s11192-017-2539-z
WOS:000406497200019,2017.0,10.1007/s11192-017-2438-3
WOS:000403466900030,2017.0,10.1007/s11192-017-2367-1
WOS:000389336100013,2016.0,10.1007/s11192-016-2132-x
WOS:000382915800013,2016.0,10.1007/s11192-016-2043-x
WOS:000379346000011,2016.0,10.1007/s11192-016-1985-3
WOS:000376273700010,2016.0,10.1007/s11192-016-1905-6
WOS:000363261600004,2015.0,10.1007/s11192-015-1731-2
WOS:000350337000019,2015.0,10.1007/s11192-014-1512-3
WOS:000347297400036,2015.0,10.1007/s11192-014-1370-z
WOS:000335905000003,2014.0,10.1007/s11192-014-1239-1
WOS:000331559800047,2014.0,10.1007/s11192-013-1164-8
WOS:000330622600027,2014.0,10.1007/s11192-013-1062-0
WOS:000323437400013,2013.0,10.1007/s11192-012-0940-1
WOS:000321852600004,2013.0,10.1007/s11192-012-0890-7
WOS:000306547000013,2012.0,10.1007/s11192-012-0660-6
WOS:000284888600015,2011.0,10.1007/s11192-010-0240-6
WOS:000280947400010,2010.0,10.1007/s11192-010-0234-4
WOS:000268881700018,2009.0,10.1007/s11192-009-2130-0
WOS:000266914500008,2009.0,10.1007/s11192-007-2032-1
WOS:000706623700002,2021.0,10.1007/s11192-021-04171-y
WOS:000686089100008,2021.0,10.1007/s11192-021-04120-9
WOS:000651351500002,2021.0,10.1007/s11192-021-04042-6
WOS:000644380300031,2021.0,10.1007/s11192-021-03982-3
WOS:000625725800003,2021.0,10.1007/s11192-021-03907-0
WOS:000604808200004,2021.0,10.1007/s11192-020-03790-1
WOS:000591014900001,2021.0,10.1007/s11192-020-03744-7
WOS:000585801800001,2021.0,10.1007/s11192-020-03737-6
WOS:000569300100007,2020.0,10.1007/s11192-020-03674-4
WOS:000537676800007,2020.0,10.1007/s11192-020-03504-7
WOS:000534949200001,2020.0,10.1007/s11192-020-03512-7
WOS:000516001300004,2020.0,10.1007/s11192-020-03366-z
WOS:000495302900022,2019.0,10.1007/s11192-019-03257-y
WOS:000485943600003,2019.0,10.1007/s11192-019-03200-1
WOS:000481434200001,2019.0,10.1007/s11192-019-03165-1
WOS:000477044700002,2019.0,10.1007/s11192-019-03130-y
WOS:000464901100027,2019.0,10.1007/s11192-019-03079-y
WOS:000464901100022,2019.0,10.1007/s11192-019-03058-3
WOS:000451754300032,2018.0,10.1007/s11192-018-2869-5
WOS:000442737700019,2018.0,10.1007/s11192-018-2866-8
WOS:000438126800028,2018.0,10.1007/s11192-018-2738-2
WOS:000426807700024,2018.0,10.1007/s11192-017-2636-z
WOS:000424685100013,2018.0,10.1007/s11192-017-2623-4
WOS:000406497200032,2017.0,10.1007/s11192-017-2417-8
WOS:000403466900026,2017.0,10.1007/s11192-017-2359-1
WOS:000398770700018,2017.0,10.1007/s11192-017-2253-x
WOS:000393748300028,2017.0,10.1007/s11192-016-2108-x
WOS:000382914200023,2016.0,10.1007/s11192-016-2039-6
WOS:000378777500015,2016.0,10.1007/s11192-016-1946-x
WOS:000373187000011,2016.0,10.1007/s11192-016-1842-4
WOS:000373187000010,2016.0,10.1007/s11192-016-1879-4
WOS:000374705700015,2016.0,10.1007/s11192-015-1820-2
WOS:000365130100025,2015.0,10.1007/s11192-015-1596-4
WOS:000347297400039,2015.0,10.1007/s11192-014-1392-6
WOS:000345136000001,2014.0,10.1007/s11192-014-1302-y
WOS:000342228300010,2014.0,10.1007/s11192-014-1356-x
WOS:000331559800017,2014.0,10.1007/s11192-013-1113-6
WOS:000330622600033,2014.0,10.1007/s11192-013-1143-0
WOS:000329319200030,2014.0,10.1007/s11192-013-1021-9
WOS:000323437400017,2013.0,10.1007/s11192-013-0957-0
WOS:000320401500001,2013.0,10.1007/s11192-012-0862-y
WOS:000314753500021,2013.0,10.1007/s11192-012-0789-3
WOS:000313711500008,2013.0,10.1007/s11192-012-0784-8
WOS:000209063000001,2012.0,10.1007/s11192-012-0795-5
WOS:000270979000019,2009.0,10.1007/s11192-008-2226-1
WOS:000267368100004,2009.0,10.1007/s11192-007-2026-z
WOS:000266914500013,2009.0,10.1007/s11192-007-1984-5
WOS:000240477700008,2006.0,10.1007/s11192-006-0156-3
WOS:000227877600005,2005.0,10.1007/s11192-005-0027-3
WOS:000729643600001,2022.0,10.1007/s11192-021-04210-8
WOS:000710334600004,2021.0,10.1007/s11192-021-04172-x
WOS:000653118600007,2021.0,10.1007/s11192-021-04017-7
WOS:000653118600005,2021.0,10.1007/s11192-021-03987-y
WOS:000547804200012,2020.0,10.1007/s11192-020-03557-8
WOS:000544845300005,2020.0,10.1007/s11192-020-03578-3
WOS:000543290600005,2020.0,10.1007/s11192-020-03574-7
WOS:000527509900005,2020.0,10.1007/s11192-020-03467-9
WOS:000520818400001,2020.0,10.1007/s11192-020-03413-9
WOS:000491201000015,2019.0,10.1007/s11192-019-03225-6
WOS:000491201000022,2019.0,10.1007/s11192-019-03193-x
WOS:000491201000003,2019.0,10.1007/s11192-019-03223-8
WOS:000490369400004,2019.0,10.1007/s11192-019-03265-y
WOS:000485943600011,2019.0,10.1007/s11192-019-03196-8
WOS:000469058000003,2019.0,10.1007/s11192-019-03101-3
WOS:000469058000018,2019.0,10.1007/s11192-019-03098-9
WOS:000456290600004,2019.0,10.1007/s11192-018-2963-8
WOS:000440597800013,2018.0,10.1007/s11192-018-2783-x
WOS:000425306300025,2018.0,10.1007/s11192-017-2615-4
WOS:000415715100024,2017.0,10.1007/s11192-017-2557-x
WOS:000406497200016,2017.0,10.1007/s11192-017-2447-2
WOS:000403466900008,2017.0,10.1007/s11192-017-2386-y
WOS:000401747900009,2017.0,10.1007/s11192-017-2351-9
WOS:000399871500017,2017.0,10.1007/s11192-017-2325-y
WOS:000394339500021,2017.0,10.1007/s11192-016-2238-1
WOS:000394148300021,2017.0,10.1007/s11192-016-2212-y
WOS:000393748300020,2017.0,10.1007/s11192-016-2172-2
WOS:000393748300019,2017.0,10.1007/s11192-016-2177-x
WOS:000386373000014,2016.0,10.1007/s11192-016-2072-5
WOS:000376273700031,2016.0,10.1007/s11192-016-1908-3
WOS:000359143200002,2015.0,10.1007/s11192-015-1625-3
WOS:000354489600019,2015.0,10.1007/s11192-015-1589-3
WOS:000345136000024,2014.0,10.1007/s11192-014-1395-3
WOS:000331559800041,2014.0,10.1007/s11192-013-1144-z
WOS:000330622600001,2014.0,10.1007/s11192-013-1088-3
WOS:000318807000017,2013.0,10.1007/s11192-012-0850-2
WOS:000314753500025,2013.0,10.1007/s11192-012-0812-8
WOS:000303533600020,2012.0,10.1007/s11192-011-0577-5
WOS:000300325800012,2012.0,10.1007/s11192-011-0521-8
WOS:000294839700014,2011.0,10.1007/s11192-011-0426-6
WOS:000292210200018,2011.0,10.1007/s11192-011-0371-4
WOS:000286627500001,2011.0,10.1007/s11192-010-0326-1
WOS:000280274400005,2010.0,10.1007/s11192-009-0136-5
WOS:000720703000002,2022.0,10.1007/s11192-021-04206-4
WOS:000710334600002,2021.0,10.1007/s11192-021-04173-w
WOS:000686089100007,2021.0,10.1007/s11192-021-04111-w
WOS:000669832000002,2021.0,10.1007/s11192-021-03993-0
WOS:000656367800001,2021.0,10.1007/s11192-021-03985-0
WOS:000644380300028,2021.0,10.1007/s11192-021-03962-7
WOS:000630848600004,2021.0,10.1007/s11192-021-03945-8
WOS:000604526600001,2021.0,10.1007/s11192-020-03809-7
WOS:000539138500004,2020.0,10.1007/s11192-020-03543-0
WOS:000505360900001,2020.0,10.1007/s11192-019-03339-x
WOS:000490369400005,2019.0,10.1007/s11192-019-03264-z
WOS:000477044700009,2019.0,10.1007/s11192-019-03148-2
WOS:000477044700021,2019.0,10.1007/s11192-019-03150-8
WOS:000477044700007,2019.0,10.1007/s11192-019-03141-9
WOS:000471656400011,2019.0,10.1007/s11192-019-03112-0
WOS:000464901100006,2019.0,10.1007/s11192-019-03055-6
WOS:000460804500008,2019.0,10.1007/s11192-018-2979-0
WOS:000456290600009,2019.0,10.1007/s11192-018-2958-5
WOS:000442737700023,2018.0,10.1007/s11192-018-2852-1
WOS:000424685100007,2018.0,10.1007/s11192-017-2608-3
WOS:000415715100010,2017.0,10.1007/s11192-017-2537-1
WOS:000399871500028,2017.0,10.1007/s11192-017-2305-2
WOS:000398770700021,2017.0,10.1007/s11192-017-2247-8
WOS:000389336100023,2016.0,10.1007/s11192-016-2139-3
WOS:000376273700016,2016.0,10.1007/s11192-016-1938-x
WOS:000376273700008,2016.0,10.1007/s11192-016-1925-2
WOS:000365130100011,2015.0,10.1007/s11192-015-1737-9
WOS:000365130100021,2015.0,10.1007/s11192-015-1605-7
WOS:000365130100007,2015.0,10.1007/s11192-015-1770-8
WOS:000357693000009,2015.0,10.1007/s11192-015-1623-5
WOS:000348324000019,2015.0,10.1007/s11192-014-1461-x
WOS:000348324000002,2015.0,10.1007/s11192-014-1439-8
WOS:000347297400025,2015.0,10.1007/s11192-014-1381-9
WOS:000331559800008,2014.0,10.1007/s11192-013-1179-1
WOS:000331559800021,2014.0,10.1007/s11192-013-1167-5
WOS:000330622600002,2014.0,10.1007/s11192-013-1068-7
WOS:000318807000003,2013.0,10.1007/s11192-012-0868-5
WOS:000306547000024,2012.0,10.1007/s11192-012-0747-0
WOS:000299088900015,2012.0,10.1007/s11192-011-0532-5
WOS:000296474400010,2011.0,10.1007/s11192-011-0484-9
WOS:000289106900005,2011.0,10.1007/s11192-010-0327-0
WOS:000286496200010,2011.0,10.1007/s11192-010-0297-2
WOS:000278267100007,2010.0,10.1007/s11192-009-0058-2
WOS:000274111600005,2010.0,10.1007/s11192-009-0041-y
WOS:000246373000003,2007.0,10.1007/s11192-007-1694-z
WOS:000242672200013,2006.0,10.1007/s11192-006-0176-z
WOS:000228999100003,2005.0,10.1007/s11192-005-0221-3
WOS:000228452400001,2005.0,10.1007/s11192-005-0201-7
WOS:000220003600004,2004.0,10.1023/B:SCIE.0000018530.54281.68
WOS:000224460100010,2004.0,10.1023/B:SCIE.0000045120.04489.80
WOS:000220004200008,2004.0,10.1023/B:SCIE.0000018542.71314.38
WOS:000674214800002,2021.0,10.1007/s11192-021-04091-x
WOS:000653118600003,2021.0,10.1007/s11192-021-04003-z
WOS:000628128900001,2021.0,10.1007/s11192-021-03929-8
WOS:000628128900004,2021.0,10.1007/s11192-021-03925-y
WOS:000617856300004,2021.0,10.1007/s11192-021-03881-7
WOS:000615174400011,2021.0,10.1007/s11192-020-03855-1
WOS:000579791900001,2021.0,10.1007/s11192-020-03724-x
WOS:000560296000006,2020.0,10.1007/s11192-020-03654-8
WOS:000552196500001,2020.0,10.1007/s11192-020-03619-x
WOS:000539518100001,2020.0,10.1007/s11192-020-03521-6
WOS:000533060200008,2020.0,10.1007/s11192-020-03481-x
WOS:000529597400003,2020.0,10.1007/s11192-020-03487-5
WOS:000522019000004,2020.0,10.1007/s11192-020-03415-7
WOS:000495348700001,2020.0,10.1007/s11192-019-03284-9
WOS:000469058000017,2019.0,10.1007/s11192-019-03099-8
WOS:000451754300031,2018.0,10.1007/s11192-018-2868-6
WOS:000451754300009,2018.0,10.1007/s11192-018-2885-5
WOS:000438126800013,2018.0,10.1007/s11192-018-2751-5
WOS:000429006100003,2018.0,10.1007/s11192-018-2686-x
WOS:000412920200019,2017.0,10.1007/s11192-017-2512-x
WOS:000412527000028,2017.0,10.1007/s11192-017-2241-1
WOS:000406497200015,2017.0,10.1007/s11192-017-2452-5
WOS:000399871500026,2017.0,10.1007/s11192-017-2303-4
WOS:000393748300016,2017.0,10.1007/s11192-016-2174-0
WOS:000386373000034,2016.0,10.1007/s11192-016-2085-0
WOS:000382914200015,2016.0,10.1007/s11192-016-2031-1
WOS:000363261600009,2015.0,10.1007/s11192-015-1735-y
WOS:000359143200015,2015.0,10.1007/s11192-015-1614-6
WOS:000354489600008,2015.0,10.1007/s11192-015-1564-z
WOS:000347297400003,2015.0,10.1007/s11192-014-1437-x
WOS:000331559800002,2014.0,10.1007/s11192-012-0923-2
WOS:000329319200012,2014.0,10.1007/s11192-013-1030-8
WOS:000318807000021,2013.0,10.1007/s11192-012-0871-x
WOS:000313016300022,2013.0,10.1007/s11192-012-0781-y
WOS:000310964500013,2012.0,10.1007/s11192-012-0767-9
WOS:000303533600011,2012.0,10.1007/s11192-012-0630-z
WOS:000294839200017,2011.0,10.1007/s11192-011-0449-z
WOS:000294839700004,2011.0,10.1007/s11192-011-0440-8
WOS:000292210200009,2011.0,10.1007/s11192-011-0368-z
WOS:000271989600002,2009.0,10.1007/s11192-008-2229-y
WOS:000265778100006,2009.0,10.1007/s11192-009-0419-x
WOS:000255094900001,2008.0,10.1007/s11192-007-1771-3
WOS:000697088100002,2021.0,10.1007/s11192-021-04123-6
WOS:000653116500001,2021.0,10.1007/s11192-021-04029-3
WOS:000630848600009,2021.0,10.1007/s11192-021-03941-y
WOS:000616881100001,2021.0,10.1007/s11192-020-03832-8
WOS:000599791400005,2021.0,10.1007/s11192-020-03810-0
WOS:000599791400006,2021.0,10.1007/s11192-020-03812-y
WOS:000591124400003,2021.0,10.1007/s11192-020-03773-2
WOS:000569300100009,2021.0,10.1007/s11192-020-03699-9
WOS:000560296000001,2020.0,10.1007/s11192-020-03671-7
WOS:000559304800007,2020.0,10.1007/s11192-020-03657-5
WOS:000539134600001,2020.0,10.1007/s11192-020-03540-3
WOS:000533832300001,2020.0,10.1007/s11192-020-03499-1
WOS:000522019000003,2020.0,10.1007/s11192-020-03424-6
WOS:000516437800005,2020.0,10.1007/s11192-020-03387-8
WOS:000471656400012,2019.0,10.1007/s11192-019-03116-w
WOS:000469058000005,2019.0,10.1007/s11192-019-03097-w
WOS:000464901100013,2019.0,10.1007/s11192-019-03072-5
WOS:000458190700015,2019.0,10.1007/s11192-018-2994-1
WOS:000458190700008,2019.0,10.1007/s11192-018-2988-z
WOS:000451754600017,2018.0,10.1007/s11192-018-2923-3
WOS:000442737700041,2018.0,10.1007/s11192-018-2872-x
WOS:000442737700025,2018.0,10.1007/s11192-018-2849-9
WOS:000440597800024,2018.0,10.1007/s11192-018-2769-8
WOS:000429006100004,2018.0,10.1007/s11192-018-2689-7
WOS:000406497200013,2017.0,10.1007/s11192-017-2426-7
WOS:000406497200024,2017.0,10.1007/s11192-017-2441-8
WOS:000405275500009,2017.0,10.1007/s11192-017-2412-0
WOS:000401747900012,2017.0,10.1007/s11192-017-2278-1
WOS:000393748300022,2017.0,10.1007/s11192-016-2185-x
WOS:000389336100004,2016.0,10.1007/s11192-016-2115-y
WOS:000389336100019,2016.0,10.1007/s11192-016-2126-8
WOS:000382914200006,2016.0,10.1007/s11192-016-2061-8
WOS:000378777500016,2016.0,10.1007/s11192-016-1964-8
WOS:000376273700025,2016.0,10.1007/s11192-016-1893-6
WOS:000376273700029,2016.0,10.1007/s11192-016-1899-0
WOS:000374705700019,2016.0,10.1007/s11192-015-1831-z
WOS:000365130100042,2015.0,10.1007/s11192-015-1768-2
WOS:000354489600020,2015.0,10.1007/s11192-015-1590-x
WOS:000339379600019,2014.0,10.1007/s11192-014-1270-2
WOS:000318807000014,2013.0,10.1007/s11192-012-0846-y
WOS:000310964500017,2012.0,10.1007/s11192-012-0712-y
WOS:000209058700001,2011.0,10.1007/s11192-010-0315-4
WOS:000240477700013,2006.0,10.1007/s11192-006-0161-6
WOS:000705740400005,2021.0,10.1007/s11192-021-04144-1
WOS:000665683000003,2021.0,10.1007/s11192-021-04043-5
WOS:000664002200002,2021.0,10.1007/s11192-021-04056-0
WOS:000651036100002,2021.0,10.1007/s11192-021-04016-8
WOS:000619695300001,2021.0,10.1007/s11192-020-03840-8
WOS:000616881400001,2021.0,10.1007/s11192-020-03826-6
WOS:000615174400001,2021.0,10.1007/s11192-020-03860-4
WOS:000599791400001,2021.0,10.1007/s11192-020-03818-6
WOS:000590999100002,2021.0,10.1007/s11192-020-03760-7
WOS:000578562100007,2020.0,10.1007/s11192-020-03721-0
WOS:000543290600004,2020.0,10.1007/s11192-020-03571-w
WOS:000533060200002,2020.0,10.1007/s11192-020-03483-9
WOS:000529892100023,2020.0,10.1007/s11192-020-03405-9
WOS:000491413900003,2019.0,10.1007/s11192-019-03259-w
WOS:000490369400006,2019.0,10.1007/s11192-019-03251-4
WOS:000485943600017,2019.0,10.1007/s11192-019-03190-0
WOS:000477044700013,2019.0,10.1007/s11192-019-03143-7
WOS:000471656400013,2019.0,10.1007/s11192-019-03118-8
WOS:000469058000002,2019.0,10.1007/s11192-019-03088-x
WOS:000464901100034,2019.0,10.1007/s11192-019-03064-5
WOS:000451754300030,2018.0,10.1007/s11192-018-2779-6
WOS:000442737700039,2018.0,10.1007/s11192-018-2870-z
WOS:000412920200014,2017.0,10.1007/s11192-017-2498-4
WOS:000412527000032,2017.0,10.1007/s11192-017-2309-y
WOS:000405275500017,2017.0,10.1007/s11192-017-2326-x
WOS:000405275500021,2017.0,10.1007/s11192-017-2415-x
WOS:000378777500008,2016.0,10.1007/s11192-016-1953-y
WOS:000374705700011,2016.0,10.1007/s11192-015-1819-8
WOS:000365130100020,2015.0,10.1007/s11192-015-1637-z
WOS:000361992800031,2015.0,10.1007/s11192-015-1681-8
WOS:000359143200009,2015.0,10.1007/s11192-015-1584-8
WOS:000347297400008,2015.0,10.1007/s11192-014-1426-0
WOS:000347297400037,2015.0,10.1007/s11192-014-1511-4
WOS:000339379600005,2014.0,10.1007/s11192-014-1313-8
WOS:000334277800008,2014.0,10.1007/s11192-013-1203-5
WOS:000327219900016,2013.0,10.1007/s11192-013-0988-6
WOS:000318807000004,2013.0,10.1007/s11192-012-0877-4
WOS:000314753500012,2013.0,10.1007/s11192-012-0787-5
WOS:000313016300008,2013.0,10.1007/s11192-012-0765-y
WOS:000284888600005,2011.0,10.1007/s11192-010-0247-z
WOS:000274111600016,2010.0,10.1007/s11192-009-0045-7
WOS:000270979000001,2009.0,10.1007/s11192-008-2170-0
WOS:000229005500006,2005.0,10.1007/s11192-005-0227-x
WOS:000720808400001,2022.0,10.1007/s11192-021-04186-5
WOS:000668393200001,2021.0,10.1007/s11192-021-04079-7
WOS:000664849100002,2021.0,10.1007/s11192-021-04023-9
WOS:000630848600008,2021.0,10.1007/s11192-021-03922-1
WOS:000604526600007,2021.0,10.1007/s11192-020-03814-w
WOS:000595362900001,2021.0,10.1007/s11192-020-03817-7
WOS:000579442800001,2021.0,10.1007/s11192-020-03750-9
WOS:000560296000002,2020.0,10.1007/s11192-020-03664-6
WOS:000559304800010,2020.0,10.1007/s11192-020-03659-3
WOS:000530786700010,2020.0,10.1007/s11192-020-03438-0
WOS:000530786700008,2020.0,10.1007/s11192-020-03448-y
WOS:000516578700005,2020.0,10.1007/s11192-019-03343-1
WOS:000495302900004,2019.0,10.1007/s11192-019-03230-9
WOS:000491201000012,2019.0,10.1007/s11192-019-03201-0
WOS:000481434200003,2019.0,10.1007/s11192-019-03166-0
WOS:000481434200004,2019.0,10.1007/s11192-019-03176-y
WOS:000451754600001,2018.0,10.1007/s11192-018-2894-4
WOS:000451754600006,2018.0,10.1007/s11192-018-2941-1
WOS:000451754300024,2018.0,10.1007/s11192-018-2901-9
WOS:000442737700028,2018.0,10.1007/s11192-018-2865-9
WOS:000437262800005,2018.0,10.1007/s11192-018-2715-9
WOS:000415715100033,2017.0,10.1007/s11192-017-2255-8
WOS:000415715100016,2017.0,10.1007/s11192-017-2535-3
WOS:000412527000027,2017.0,10.1007/s11192-017-2522-8
WOS:000412527000034,2017.0,10.1007/s11192-017-2375-1
WOS:000412527000030,2017.0,10.1007/s11192-017-2264-7
WOS:000405275500008,2017.0,10.1007/s11192-017-2422-y
WOS:000394148300019,2017.0,10.1007/s11192-016-2200-2
WOS:000378777500020,2016.0,10.1007/s11192-016-1955-9
WOS:000368075800019,2016.0,10.1007/s11192-015-1704-5
WOS:000355948600002,2015.0,10.1007/s11192-015-1581-y
WOS:000351546100007,2015.0,10.1007/s11192-014-1517-y
WOS:000348324000039,2015.0,10.1007/s11192-014-1456-7
WOS:000342228300016,2014.0,10.1007/s11192-014-1345-0
WOS:000331559800005,2014.0,10.1007/s11192-013-1091-8
WOS:000330622600045,2014.0,10.1007/s11192-013-1162-x
WOS:000329319200031,2014.0,10.1007/s11192-013-1161-y
WOS:000329319200036,2014.0,10.1007/s11192-013-0975-y
WOS:000329319200037,2014.0,10.1007/s11192-013-1032-6
WOS:000325475300019,2013.0,10.1007/s11192-012-0922-3
WOS:000320401500006,2013.0,10.1007/s11192-012-0887-2
WOS:000316046000011,2013.0,10.1007/s11192-012-0861-z
WOS:000314753500026,2013.0,10.1007/s11192-012-0792-8
WOS:000303533600007,2012.0,10.1007/s11192-012-0618-8
WOS:000294839200018,2011.0,10.1007/s11192-011-0444-4
WOS:000289792600003,2011.0,10.1007/s11192-011-0354-5
WOS:000280947400006,2010.0,10.1007/s11192-010-0259-8
WOS:000248059900007,2007.0,10.1007/s11192-007-1680-5
WOS:000244692200004,2007.0,10.1007/s11192-007-1650-y
WOS:000671640200004,2021.0,10.1007/s11192-021-04095-7
WOS:000617856300006,2021.0,10.1007/s11192-021-03897-z
WOS:000615174400003,2021.0,10.1007/s11192-020-03861-3
WOS:000612598400001,2021.0,10.1007/s11192-020-03847-1
WOS:000584966800002,2021.0,10.1007/s11192-020-03758-1
WOS:000545184200001,2020.0,10.1007/s11192-020-03603-5
WOS:000498738600007,2020.0,10.1007/s11192-019-03293-8
WOS:000491201000006,2019.0,10.1007/s11192-019-03218-5
WOS:000491413900005,2019.0,10.1007/s11192-019-03266-x
WOS:000491413900004,2019.0,10.1007/s11192-019-03267-w
WOS:000481434200002,2019.0,10.1007/s11192-019-03163-3
WOS:000481434200017,2019.0,10.1007/s11192-019-03177-x
WOS:000460804500004,2019.0,10.1007/s11192-018-2991-4
WOS:000451754600038,2018.0,10.1007/s11192-018-2934-0
WOS:000438126800031,2018.0,10.1007/s11192-018-2734-6
WOS:000412527000033,2017.0,10.1007/s11192-017-2310-5
WOS:000406497200031,2017.0,10.1007/s11192-017-2453-4
WOS:000406497200004,2017.0,10.1007/s11192-017-2444-5
WOS:000405275500020,2017.0,10.1007/s11192-017-2407-x
WOS:000403466900015,2017.0,10.1007/s11192-017-2391-1
WOS:000403466900027,2017.0,10.1007/s11192-017-2292-3
WOS:000398770700019,2017.0,10.1007/s11192-017-2254-9
WOS:000374705700006,2016.0,10.1007/s11192-015-1828-7
WOS:000368075800026,2016.0,10.1007/s11192-015-1766-4
WOS:000359143200017,2015.0,10.1007/s11192-015-1585-7
WOS:000347297400031,2015.0,10.1007/s11192-014-1349-9
WOS:000345136000017,2014.0,10.1007/s11192-014-1344-1
WOS:000332697600010,2014.0,10.1007/s11192-013-1103-8
WOS:000331559800007,2014.0,10.1007/s11192-013-1112-7
WOS:000316046000009,2013.0,10.1007/s11192-012-0874-7
WOS:000316046000014,2013.0,10.1007/s11192-012-0825-3
WOS:000310964500027,2012.0,10.1007/s11192-012-0772-z
WOS:000306547000011,2012.0,10.1007/s11192-012-0701-1
WOS:000294839200021,2011.0,10.1007/s11192-011-0430-x
WOS:000294839700017,2011.0,10.1007/s11192-011-0421-y
WOS:000292210200015,2011.0,10.1007/s11192-011-0373-2
WOS:000286496200012,2011.0,10.1007/s11192-010-0290-9
WOS:000278695500015,2010.0,10.1007/s11192-009-0107-x
WOS:000278267100009,2010.0,10.1007/s11192-009-0087-x
WOS:000277418400006,2010.0,10.1007/s11192-009-0123-x
WOS:000268881700019,2009.0,10.1007/s11192-009-2132-6
WOS:000259374300010,2008.0,10.1007/s11192-007-2071-2
WOS:000254939600002,2008.0,10.1007/s11192-007-1842-5
WOS:000245453300010,2007.0,10.1007/s11192-007-1658-3
WOS:000240477000009,2006.0,10.1007/s11192-006-0143-8
WOS:000229628500006,2005.0,10.1007/s11192-005-0248-5
WOS:000227877600002,2005.0,10.1007/s11192-005-0024-6
WOS:000712768100003,2021.0,10.1007/s11192-021-04175-8
WOS:000664849500020,2021.0,10.1007/s11192-021-04054-2
WOS:000651677400003,2021.0,10.1007/s11192-021-04008-8
WOS:000628474000001,2021.0,10.1007/s11192-021-03935-w
WOS:000621730600015,2021.0,10.1007/s11192-020-03846-2
WOS:000617856300003,2021.0,10.1007/s11192-021-03880-8
WOS:000613603600001,2021.0,10.1007/s11192-020-03835-5
WOS:000604808300003,2021.0,10.1007/s11192-020-03802-0
WOS:000544845300012,2020.0,10.1007/s11192-020-03590-7
WOS:000535408600002,2020.0,10.1007/s11192-020-03488-4
WOS:000516437800009,2020.0,10.1007/s11192-020-03378-9
WOS:000469058000020,2019.0,10.1007/s11192-019-03109-9
WOS:000426807700013,2018.0,10.1007/s11192-018-2669-y
WOS:000424685100028,2018.0,10.1007/s11192-018-2653-6
WOS:000412920200005,2017.0,10.1007/s11192-017-2488-6
WOS:000401747900001,2017.0,10.1007/s11192-017-2317-y
WOS:000399871500021,2017.0,10.1007/s11192-017-2298-x
WOS:000394339500020,2017.0,10.1007/s11192-016-2209-6
WOS:000394339500007,2017.0,10.1007/s11192-016-2237-2
WOS:000389336100014,2016.0,10.1007/s11192-016-2136-6
WOS:000389336100025,2016.0,10.1007/s11192-016-2121-0
WOS:000386373000026,2016.0,10.1007/s11192-016-2078-z
WOS:000386373000035,2016.0,10.1007/s11192-016-2112-1
WOS:000382914200029,2016.0,10.1007/s11192-016-2044-9
WOS:000379346000028,2016.0,10.1007/s11192-014-1305-8
WOS:000368075800027,2016.0,10.1007/s11192-015-1776-2
WOS:000357693000008,2015.0,10.1007/s11192-015-1612-8
WOS:000354489600002,2015.0,10.1007/s11192-015-1568-8
WOS:000351546100004,2015.0,10.1007/s11192-015-1533-6
WOS:000339379600018,2014.0,10.1007/s11192-014-1325-4
WOS:000331559800033,2014.0,10.1007/s11192-013-1168-4
WOS:000330622600046,2014.0,10.1007/s11192-013-1121-6
WOS:000320401500013,2013.0,10.1007/s11192-012-0902-7
WOS:000284888600008,2011.0,10.1007/s11192-010-0205-9
WOS:000283090300008,2010.0,10.1007/s11192-010-0193-9
WOS:000277418400020,2010.0,10.1007/s11192-009-0149-0
WOS:000277418400014,2010.0,10.1007/s11192-010-0158-z
WOS:000228999100006,2005.0,10.1007/s11192-005-0214-2
WOS:000664849500014,2021.0,10.1007/s11192-021-04058-y
WOS:000599791400002,2021.0,10.1007/s11192-020-03782-1
WOS:000552196500003,2020.0,10.1007/s11192-020-03630-2
WOS:000532175800001,2020.0,10.1007/s11192-020-03495-5
WOS:000530786700004,2020.0,10.1007/s11192-020-03441-5
WOS:000517005400001,2020.0,10.1007/s11192-020-03404-w
WOS:000481434200024,2019.0,10.1007/s11192-019-03168-y
WOS:000471656400003,2019.0,10.1007/s11192-019-03120-0
WOS:000464901100026,2019.0,10.1007/s11192-019-03074-3
WOS:000464901100029,2019.0,10.1007/s11192-019-03086-z
WOS:000463637600008,2019.0,10.1007/s11192-019-03051-w
WOS:000451754600032,2018.0,10.1007/s11192-018-2924-2
WOS:000424685100023,2018.0,10.1007/s11192-017-2601-x
WOS:000424685100026,2018.0,10.1007/s11192-017-2603-8
WOS:000415715100030,2017.0,10.1007/s11192-016-2170-4
WOS:000412527000024,2017.0,10.1007/s11192-017-2463-2
WOS:000399871500010,2017.0,10.1007/s11192-017-2290-5
WOS:000394339500019,2017.0,10.1007/s11192-016-2225-6
WOS:000394148300005,2017.0,10.1007/s11192-016-2182-0
WOS:000389336100033,2016.0,10.1007/s11192-016-2153-5
WOS:000389336100036,2016.0,10.1007/s11192-016-2141-9
WOS:000376273700003,2016.0,10.1007/s11192-016-1900-y
WOS:000368075800004,2016.0,10.1007/s11192-015-1781-5
WOS:000365130100045,2015.0,10.1007/s11192-015-1738-8
WOS:000355948600013,2015.0,10.1007/s11192-015-1577-7
WOS:000355948600010,2015.0,10.1007/s11192-015-1544-3
WOS:000347297400047,2015.0,10.1007/s11192-014-1419-z
WOS:000331559800030,2014.0,10.1007/s11192-013-1177-3
WOS:000321852600012,2013.0,10.1007/s11192-012-0920-5
WOS:000313711500013,2013.0,10.1007/s11192-012-0822-6
WOS:000299088900019,2012.0,10.1007/s11192-011-0538-z
WOS:000296473400012,2011.0,10.1007/s11192-011-0463-1
WOS:000280947400024,2010.0,10.1007/s11192-010-0223-7
WOS:000275417400002,2010.0,10.1007/s11192-009-0051-9
WOS:000271989600004,2009.0,10.1007/s11192-008-2174-9
WOS:000243471400010,2007.0,10.1007/s11192-007-0110-z
WOS:000186999600010,2003.0,10.1023/B:SCIE.0000006884.08036.73
WOS:000722104300001,2022.0,10.1007/s11192-021-04153-0
WOS:000644380300017,2021.0,10.1007/s11192-021-03971-6
WOS:000640958000001,2021.0,10.1007/s11192-021-03900-7
WOS:000633283300004,2021.0,10.1007/s11192-021-03952-9
WOS:000617856300005,2021.0,10.1007/s11192-021-03878-2
WOS:000604526600004,2021.0,10.1007/s11192-020-03811-z
WOS:000591433400002,2021.0,10.1007/s11192-020-03774-1
WOS:000579442800007,2021.0,10.1007/s11192-020-03739-4
WOS:000577239100004,2020.0,10.1007/s11192-020-03726-9
WOS:000559304800004,2020.0,10.1007/s11192-020-03652-w
WOS:000559623600001,2020.0,10.1007/s11192-020-03647-7
WOS:000550610700003,2020.0,10.1007/s11192-020-03611-5
WOS:000527509900006,2020.0,10.1007/s11192-020-03471-z
WOS:000520818400004,2020.0,10.1007/s11192-020-03409-5
WOS:000493676300001,2020.0,10.1007/s11192-019-03278-7
WOS:000491201000010,2019.0,10.1007/s11192-019-03228-3
WOS:000491413900001,2019.0,10.1007/s11192-019-03260-3
WOS:000477044700001,2019.0,10.1007/s11192-019-03129-5
WOS:000471656400016,2019.0,10.1007/s11192-019-03128-6
WOS:000469058000004,2019.0,10.1007/s11192-019-03096-x
WOS:000464901100021,2019.0,10.1007/s11192-019-03082-3
WOS:000451754600015,2018.0,10.1007/s11192-018-2944-y
WOS:000426807700020,2018.0,10.1007/s11192-018-2658-1
WOS:000425306300018,2018.0,10.1007/s11192-017-2634-1
WOS:000424685100010,2018.0,10.1007/s11192-017-2595-4
WOS:000406497200011,2017.0,10.1007/s11192-017-2455-2
WOS:000398770700025,2017.0,10.1007/s11192-017-2240-2
WOS:000394339500015,2017.0,10.1007/s11192-016-2192-y
WOS:000386373000032,2016.0,10.1007/s11192-016-2075-2
WOS:000382914200011,2016.0,10.1007/s11192-016-2032-0
WOS:000379346000023,2016.0,10.1007/s11192-016-1998-y
WOS:000369017300015,2016.0,10.1007/s11192-015-1798-9
WOS:000365130100005,2015.0,10.1007/s11192-015-1639-x
WOS:000363261600003,2015.0,10.1007/s11192-015-1730-3
WOS:000352995000019,2015.0,10.1007/s11192-015-1548-z
WOS:000342228300022,2014.0,10.1007/s11192-014-1375-7
WOS:000334277800007,2014.0,10.1007/s11192-014-1230-x
WOS:000331559800043,2014.0,10.1007/s11192-013-1185-3
WOS:000331559800024,2014.0,10.1007/s11192-013-1155-9
WOS:000323437400001,2013.0,10.1007/s11192-012-0896-1
WOS:000316046000018,2013.0,10.1007/s11192-012-0829-z
WOS:000314753500023,2013.0,10.1007/s11192-012-0806-6
WOS:000310964500009,2012.0,10.1007/s11192-012-0823-5
WOS:000294839200025,2011.0,10.1007/s11192-011-0433-7
WOS:000270979000010,2009.0,10.1007/s11192-008-2137-1
WOS:000268881700005,2009.0,10.1007/s11192-008-2092-x
WOS:000260003800003,2008.0,10.1007/s11192-007-1946-y
WOS:000231512300001,2005.0,10.1007/s11192-005-0257-4
WOS:000227877600006,2005.0,10.1007/s11192-005-0028-2
WOS:000220003600002,2004.0,10.1023/B:SCIE.0000018528.59913.48
WOS:A1994NR54400027,1994.0,10.1007/BF02018132
WOS:000706623700003,2021.0,10.1007/s11192-021-04167-8
WOS:000686089100011,2021.0,10.1007/s11192-021-04117-4
WOS:000674214800001,2021.0,10.1007/s11192-021-04098-4
WOS:000664849500010,2021.0,10.1007/s11192-021-04040-8
WOS:000641629600001,2021.0,10.1007/s11192-021-03951-w
WOS:000615174400010,2021.0,10.1007/s11192-020-03842-6
WOS:000578562100004,2020.0,10.1007/s11192-020-03707-y
WOS:000550610700004,2020.0,10.1007/s11192-020-03624-0
WOS:000539138500003,2020.0,10.1007/s11192-020-03529-y
WOS:000535409500003,2020.0,10.1007/s11192-020-03525-2
WOS:000495302900018,2019.0,10.1007/s11192-019-03242-5
WOS:000491201000009,2019.0,10.1007/s11192-019-03234-5
WOS:000463637600002,2019.0,10.1007/s11192-019-03041-y
WOS:000456290600012,2019.0,10.1007/s11192-018-2968-3
WOS:000442737700035,2018.0,10.1007/s11192-018-2847-y
WOS:000426807700022,2018.0,10.1007/s11192-018-2644-7
WOS:000415715100032,2017.0,10.1007/s11192-017-2553-1
WOS:000415715100009,2017.0,10.1007/s11192-017-2549-x
WOS:000412527000019,2017.0,10.1007/s11192-017-2479-7
WOS:000394339500012,2017.0,10.1007/s11192-016-2219-4
WOS:000386373000019,2016.0,10.1007/s11192-016-2087-y
WOS:000382915800014,2016.0,10.1007/s11192-016-2016-0
WOS:000382914200041,2016.0,10.1007/s11192-016-2009-z
WOS:000373187000001,2016.0,10.1007/s11192-016-1868-7
WOS:000369017300011,2016.0,10.1007/s11192-015-1800-6
WOS:000368075800009,2016.0,10.1007/s11192-015-1775-3
WOS:000334277800010,2014.0,10.1007/s11192-013-1207-1
WOS:000331559800023,2014.0,10.1007/s11192-013-1157-7
WOS:000331559800036,2014.0,10.1007/s11192-013-1127-0
WOS:000330622600020,2014.0,10.1007/s11192-013-1116-3
WOS:000316046000015,2013.0,10.1007/s11192-012-0796-4
WOS:000313016300003,2013.0,10.1007/s11192-012-0750-5
WOS:000289106900014,2011.0,10.1007/s11192-010-0319-0
WOS:000286627500005,2011.0,10.1007/s11192-010-0321-6
WOS:000283090300007,2010.0,10.1007/s11192-010-0226-4
WOS:000278695500016,2010.0,10.1007/s11192-009-0098-7
WOS:000270841800010,2009.0,10.1007/s11192-008-2131-7
WOS:000262686700003,2009.0,10.1007/s11192-007-2007-2
WOS:000243471400008,2007.0,10.1007/s11192-007-0108-6
WOS:000181012900010,2003.0,10.1023/A:1022387105904
WOS:000715664900003,2022.0,10.1007/s11192-021-04185-6
WOS:000692458300003,2021.0,10.1007/s11192-021-04145-0
WOS:000692075400001,2021.0,10.1007/s11192-021-04121-8
WOS:000651351500004,2021.0,10.1007/s11192-021-03988-x
WOS:000628128900008,2021.0,10.1007/s11192-021-03933-y
WOS:000625725800001,2021.0,10.1007/s11192-021-03885-3
WOS:000621730600012,2021.0,10.1007/s11192-021-03891-5
WOS:000579442800004,2021.0,10.1007/s11192-020-03734-9
WOS:000566410500002,2020.0,10.1007/s11192-020-03673-5
WOS:000529597400004,2020.0,10.1007/s11192-020-03479-5
WOS:000491413900006,2019.0,10.1007/s11192-019-03241-6
WOS:000471656400001,2019.0,10.1007/s11192-019-03119-7
WOS:000464901100031,2019.0,10.1007/s11192-019-03046-7
WOS:000464901100019,2019.0,10.1007/s11192-019-03070-7
WOS:000458190700007,2019.0,10.1007/s11192-018-03001-y
WOS:000442737700010,2018.0,10.1007/s11192-018-2863-y
WOS:000438126800008,2018.0,10.1007/s11192-018-2765-z
WOS:000429006100014,2018.0,10.1007/s11192-018-2704-z
WOS:000426807700031,2018.0,10.1007/s11192-017-2584-7
WOS:000415715100013,2017.0,10.1007/s11192-017-2520-x
WOS:000406497200038,2017.0,10.1007/s11192-017-2454-3
WOS:000399871500001,2017.0,10.1007/s11192-017-2316-z
WOS:000389336100001,2016.0,10.1007/s11192-016-2134-8
WOS:000382914200027,2016.0,10.1007/s11192-016-2006-2
WOS:000379346000031,2016.0,10.1007/s11192-016-1832-6
WOS:000354489600005,2015.0,10.1007/s11192-015-1542-5
WOS:000351546100010,2015.0,10.1007/s11192-014-1524-z
WOS:000348324000024,2015.0,10.1007/s11192-014-1498-x
WOS:000310230400015,2012.0,10.1007/s11192-012-0694-9
WOS:000300325800009,2012.0,10.1007/s11192-011-0494-7
WOS:000296474400013,2011.0,10.1007/s11192-011-0482-y
WOS:000283090300006,2010.0,10.1007/s11192-010-0238-0
WOS:000280274400007,2010.0,10.1007/s11192-009-0113-z
WOS:000278695500019,2010.0,10.1007/s11192-009-0146-3
WOS:000277418400019,2010.0,10.1007/s11192-009-0148-1
WOS:000266914500005,2009.0,10.1007/s11192-007-2046-8
WOS:000265778100005,2009.0,10.1007/s11192-009-0418-y
WOS:000718083000001,2022.0,10.1007/s11192-021-04195-4
WOS:000715664900006,2022.0,10.1007/s11192-021-04193-6
WOS:000668393100001,2021.0,10.1007/s11192-021-04076-w
WOS:000664849500015,2021.0,10.1007/s11192-021-04036-4
WOS:000623721700003,2021.0,10.1007/s11192-020-03843-5
WOS:000617856300007,2021.0,10.1007/s11192-021-03873-7
WOS:000615755400002,2021.0,10.1007/s11192-020-03830-w
WOS:000582810200013,2021.0,10.1007/s11192-020-03759-0
WOS:000560296000011,2020.0,10.1007/s11192-020-03658-4
WOS:000556168300001,2020.0,10.1007/s11192-020-03651-x
WOS:000550128200003,2020.0,10.1007/s11192-020-03628-w
WOS:000543290600009,2020.0,10.1007/s11192-020-03575-6
WOS:000529892100020,2020.0,10.1007/s11192-020-03411-x
WOS:000528998800001,2020.0,10.1007/s11192-020-03472-y
WOS:000495302900005,2019.0,10.1007/s11192-019-03252-3
WOS:000491201000016,2019.0,10.1007/s11192-019-03226-5
WOS:000485943600012,2019.0,10.1007/s11192-019-03178-w
WOS:000481434200028,2019.0,10.1007/s11192-019-03050-x
WOS:000464901100002,2019.0,10.1007/s11192-019-03081-4
WOS:000464901100005,2019.0,10.1007/s11192-019-03049-4
WOS:000440597800034,2018.0,10.1007/s11192-018-2718-6
WOS:000438126800025,2018.0,10.1007/s11192-018-2747-1
WOS:000438126800032,2018.0,10.1007/s11192-018-2724-8
WOS:000424685100005,2018.0,10.1007/s11192-017-2596-3
WOS:000412920200003,2017.0,10.1007/s11192-017-2519-3
WOS:000412920200002,2017.0,10.1007/s11192-017-2493-9
WOS:000401747900011,2017.0,10.1007/s11192-017-2363-5
WOS:000389336100037,2016.0,10.1007/s11192-016-2116-x
WOS:000386373000008,2016.0,10.1007/s11192-016-2068-1
WOS:000386373000022,2016.0,10.1007/s11192-016-2064-5
WOS:000386373000004,2016.0,10.1007/s11192-016-2098-8
WOS:000382914200035,2016.0,10.1007/s11192-016-1929-y
WOS:000378777500003,2016.0,10.1007/s11192-016-1952-z
WOS:000374705700016,2016.0,10.1007/s11192-016-1839-z
WOS:000368075800011,2016.0,10.1007/s11192-015-1786-0
WOS:000368075800023,2016.0,10.1007/s11192-015-1650-2
WOS:000352995000007,2015.0,10.1007/s11192-015-1559-9
WOS:000348324000035,2015.0,10.1007/s11192-014-1474-5
WOS:000345136000010,2014.0,10.1007/s11192-014-1376-6
WOS:000342228300034,2014.0,10.1007/s11192-014-1273-z
WOS:000342228300021,2014.0,10.1007/s11192-014-1409-1
WOS:000329319200021,2014.0,10.1007/s11192-013-1001-0
WOS:000318807000006,2013.0,10.1007/s11192-012-0892-5
WOS:000314753500020,2013.0,10.1007/s11192-012-0891-6
WOS:000287665900002,2011.0,10.1007/s11192-010-0335-0
WOS:000287665900010,2011.0,10.1007/s11192-010-0332-3
WOS:000283090300001,2010.0,10.1007/s11192-010-0292-7
WOS:000277418400011,2010.0,10.1007/s11192-009-0144-5
WOS:000266914500012,2009.0,10.1007/s11192-007-1944-0
WOS:000256779500008,2008.0,10.1007/s11192-007-1908-4
WOS:000244509600014,2007.0,10.1007/s11192-007-0314-2
WOS:000235063000008,2006.0,10.1007/s11192-006-0039-7
WOS:000731370600001,2022.0,10.1007/s11192-021-04217-1
WOS:000707689700002,2021.0,10.1007/s11192-021-04039-1
WOS:000699882500002,2021.0,10.1007/s11192-021-04155-y
WOS:000644380300026,2021.0,10.1007/s11192-021-03961-8
WOS:000615755400001,2021.0,10.1007/s11192-020-03852-4
WOS:000599035300001,2021.0,10.1007/s11192-020-03792-z
WOS:000578562100005,2020.0,10.1007/s11192-020-03728-7
WOS:000571691800005,2020.0,10.1007/s11192-020-03713-0
WOS:000552196500004,2020.0,10.1007/s11192-020-03632-0
WOS:000544354400008,2020.0,10.1007/s11192-020-03566-7
WOS:000539970600007,2020.0,10.1007/s11192-020-03527-0
WOS:000516001300002,2020.0,10.1007/s11192-020-03376-x
WOS:000511927600014,2020.0,10.1007/s11192-019-03318-2
WOS:000499553400001,2020.0,10.1007/s11192-019-03302-w
WOS:000490369400002,2019.0,10.1007/s11192-019-03248-z
WOS:000481434200025,2019.0,10.1007/s11192-019-03158-0
WOS:000481434200023,2019.0,10.1007/s11192-019-03146-4
WOS:000481434200012,2019.0,10.1007/s11192-019-03156-2
WOS:000477044700019,2019.0,10.1007/s11192-019-03139-3
WOS:000464901100008,2019.0,10.1007/s11192-019-03054-7
WOS:000464901100024,2019.0,10.1007/s11192-019-03067-2
WOS:000458190700011,2019.0,10.1007/s11192-018-2975-4
WOS:000456290600011,2019.0,10.1007/s11192-018-2956-7
WOS:000451754600039,2018.0,10.1007/s11192-018-2926-0
WOS:000442007200001,2018.0,10.1007/s11192-018-2825-4
WOS:000440597800003,2018.0,10.1007/s11192-018-2773-z
WOS:000426807700034,2018.0,10.1007/s11192-018-2655-4
WOS:000424685100008,2018.0,10.1007/s11192-017-2609-2
WOS:000399871500029,2017.0,10.1007/s11192-017-2306-1
WOS:000386373000028,2016.0,10.1007/s11192-016-2101-4
WOS:000386373000006,2016.0,10.1007/s11192-016-2059-2
WOS:000379346000009,2016.0,10.1007/s11192-016-1982-6
WOS:000359143200011,2015.0,10.1007/s11192-015-1573-y
WOS:000359143200018,2015.0,10.1007/s11192-015-1567-9
WOS:000348324000013,2015.0,10.1007/s11192-014-1469-2
WOS:000347297400038,2015.0,10.1007/s11192-014-1414-4
WOS:000347297400029,2015.0,10.1007/s11192-014-1442-0
WOS:000345136000004,2014.0,10.1007/s11192-014-1278-7
WOS:000320401500005,2013.0,10.1007/s11192-012-0930-3
WOS:000209058600001,2012.0,10.1007/s11192-012-0739-0
WOS:000307517500008,2012.0,10.1007/s11192-011-0564-x
WOS:000296473400002,2011.0,10.1007/s11192-011-0468-9
WOS:000294839200023,2011.0,10.1007/s11192-011-0439-1
WOS:000294839200012,2011.0,10.1007/s11192-011-0456-0
WOS:000282048200001,2010.0,10.1007/s11192-010-0273-x
WOS:000280947400004,2010.0,10.1007/s11192-010-0242-4
WOS:000270841800008,2009.0,10.1007/s11192-008-2136-2
WOS:000254486000004,2008.0,10.1007/s11192-007-1823-8
WOS:000239601400010,2006.0,10.1007/s11192-006-0090-4
WOS:000229005500010,2005.0,10.1007/s11192-005-0231-1
WOS:000228999100005,2005.0,10.1007/s11192-005-0213-3
WOS:000223177700010,2004.0,10.1023/B:SCIE.0000037368.31217.34
WOS:000681571100002,2021.0,10.1007/s11192-021-04097-5
WOS:000678460400002,2021.0,10.1007/s11192-021-04104-9
WOS:000623721700002,2021.0,10.1007/s11192-021-03890-6
WOS:000615174400005,2021.0,10.1007/s11192-021-03869-3
WOS:000615174400013,2021.0,10.1007/s11192-020-03854-2
WOS:000604808300005,2021.0,10.1007/s11192-020-03807-9
WOS:000604526600006,2021.0,10.1007/s11192-020-03804-y
WOS:000599791400003,2021.0,10.1007/s11192-020-03786-x
WOS:000591546700001,2021.0,10.1007/s11192-020-03778-x
WOS:000582810200001,2021.0,10.1007/s11192-020-03741-w
WOS:000569300100014,2020.0,10.1007/s11192-020-03689-x
WOS:000547804200003,2020.0,10.1007/s11192-020-03596-1
WOS:000547804200001,2020.0,10.1007/s11192-020-03580-9
WOS:000539970600006,2020.0,10.1007/s11192-020-03546-x
WOS:000535409500005,2020.0,10.1007/s11192-020-03516-3
WOS:000529892100008,2020.0,10.1007/s11192-020-03407-7
WOS:000495302900002,2019.0,10.1007/s11192-019-03246-1
WOS:000498738600005,2020.0,10.1007/s11192-019-03277-8
WOS:000481434200008,2019.0,10.1007/s11192-019-03167-z
WOS:000477044700006,2019.0,10.1007/s11192-019-03137-5
WOS:000464901100009,2019.0,10.1007/s11192-019-03068-1
WOS:000464901100028,2019.0,10.1007/s11192-019-03062-7
WOS:000464901100007,2019.0,10.1007/s11192-019-03042-x
WOS:000464901100011,2019.0,10.1007/s11192-019-03057-4
WOS:000442737700029,2018.0,10.1007/s11192-018-2858-8
WOS:000437262800002,2018.0,10.1007/s11192-018-2729-3
WOS:000429006100017,2018.0,10.1007/s11192-018-2696-8
WOS:000425306300013,2018.0,10.1007/s11192-017-2628-z
WOS:000425306300024,2018.0,10.1007/s11192-017-2587-4
WOS:000415715100017,2017.0,10.1007/s11192-017-2531-7
WOS:000403466900034,2017.0,10.1007/s11192-017-2256-7
WOS:000389336100030,2016.0,10.1007/s11192-016-2118-8
WOS:000386373000013,2016.0,10.1007/s11192-016-2081-4
WOS:000382914200032,2016.0,10.1007/s11192-016-2023-1
WOS:000376273700030,2016.0,10.1007/s11192-016-1917-2
WOS:000368075800015,2016.0,10.1007/s11192-015-1779-z
WOS:000354489600003,2015.0,10.1007/s11192-015-1574-x
WOS:000335905000010,2014.0,10.1007/s11192-013-1208-0
WOS:000306547000002,2012.0,10.1007/s11192-011-0561-0
WOS:000294839200024,2011.0,10.1007/s11192-011-0431-9
WOS:000294839700010,2011.0,10.1007/s11192-011-0416-8
WOS:000292210200002,2011.0,10.1007/s11192-011-0372-3
WOS:000286627500006,2011.0,10.1007/s11192-010-0284-7
WOS:000286496200008,2011.0,10.1007/s11192-010-0246-0
WOS:000267368100011,2009.0,10.1007/s11192-007-2047-7
WOS:000260003800010,2008.0,10.1007/s11192-007-1989-0
WOS:000252808500010,2008.0,10.1007/s11192-008-0220-2
WOS:000248080300011,2007.0,10.1007/s11192-007-1766-0
WOS:000244692200006,2007.0,10.1007/s11192-007-1652-9
WOS:000240477000001,2006.0,10.1007/s11192-006-0135-8
WOS:A1996UJ97300013,1996.0,10.1007/BF02018485
WOS:000741227600001,2022.0,10.1007/s11192-021-04216-2
WOS:000731194300001,2022.0,10.1007/s11192-021-04179-4
WOS:000686089100006,2021.0,10.1007/s11192-021-04124-5
WOS:000651036100001,2021.0,10.1007/s11192-021-04006-w
WOS:000644380300012,2021.0,10.1007/s11192-021-03972-5
WOS:000624407500003,2021.0,10.1007/s11192-021-03910-5
WOS:000615174000001,2021.0,10.1007/s11192-021-03865-7
WOS:000584966700001,2021.0,10.1007/s11192-020-03764-3
WOS:000556168300007,2020.0,10.1007/s11192-020-03649-5
WOS:000547804200002,2020.0,10.1007/s11192-020-03561-y
WOS:000544845300002,2020.0,10.1007/s11192-020-03570-x
WOS:000544354400004,2020.0,10.1007/s11192-020-03564-9
WOS:000539665900001,2020.0,10.1007/s11192-020-03531-4
WOS:000559588800001,2020.0,10.1007/s11192-020-03514-5
WOS:000529892100025,2020.0,10.1007/s11192-020-03417-5
WOS:000523401300004,2020.0,10.1007/s11192-020-03434-4
WOS:000498738600001,2020.0,10.1007/s11192-019-03307-5
WOS:000495348700008,2020.0,10.1007/s11192-019-03262-1
WOS:000485943600021,2019.0,10.1007/s11192-019-03210-z
WOS:000481434200011,2019.0,10.1007/s11192-019-03154-4
WOS:000477044700008,2019.0,10.1007/s11192-019-03138-4
WOS:000477044700024,2019.0,10.1007/s11192-019-03151-7
WOS:000464901100012,2019.0,10.1007/s11192-019-03066-3
WOS:000464901100030,2019.0,10.1007/s11192-019-03087-y
WOS:000464901100025,2019.0,10.1007/s11192-019-03061-8
WOS:000458190700013,2019.0,10.1007/s11192-018-2987-0
WOS:000451754600013,2018.0,10.1007/s11192-018-2912-6
WOS:000451754300022,2018.0,10.1007/s11192-018-2900-x
WOS:000440597800016,2018.0,10.1007/s11192-018-2771-1
WOS:000425306300016,2018.0,10.1007/s11192-017-2630-5
WOS:000424685100015,2018.0,10.1007/s11192-017-2526-4
WOS:000419397900015,2018.0,10.1007/s11192-017-2558-9
WOS:000394148300015,2017.0,10.1007/s11192-016-2193-x
WOS:000389336100012,2016.0,10.1007/s11192-016-2145-5
WOS:000368075800008,2016.0,10.1007/s11192-015-1783-3
WOS:000363261600019,2015.0,10.1007/s11192-015-1715-2
WOS:000347297400032,2015.0,10.1007/s11192-014-1447-8
WOS:000332697600003,2014.0,10.1007/s11192-013-1079-4
WOS:000317746900009,2013.0,10.1007/s11192-012-0836-0
WOS:000316046000016,2013.0,10.1007/s11192-012-0908-1
WOS:000310964500025,2012.0,10.1007/s11192-012-0805-7
WOS:000294839200001,2011.0,10.1007/s11192-011-0445-3
WOS:000292210400004,2011.0,10.1007/s11192-011-0407-9
WOS:000284888600001,2011.0,10.1007/s11192-010-0318-1
WOS:000275417400013,2010.0,10.1007/s11192-009-0023-0
WOS:000261950100011,2009.0,10.1007/s11192-007-1970-y
WOS:000257400200010,2008.0,10.1007/s11192-007-1868-8
WOS:000256779500007,2008.0,10.1007/s11192-007-1901-y
WOS:000248943100005,2007.0,10.1007/s11192-007-1681-4
WOS:000248943100006,2007.0,10.1007/s11192-007-1727-7
WOS:000741227500001,2022.0,10.1007/s11192-021-04197-2
WOS:000705740400002,2021.0,10.1007/s11192-021-04169-6
WOS:000674539000001,2021.0,10.1007/s11192-021-04083-x
WOS:000671640200003,2021.0,10.1007/s11192-021-04096-6
WOS:000664849500012,2021.0,10.1007/s11192-021-04060-4
WOS:000664849500003,2021.0,10.1007/s11192-021-04069-9
WOS:000661793100001,2021.0,10.1007/s11192-021-04038-2
WOS:000641226600001,2021.0,10.1007/s11192-021-03994-z
WOS:000625896500002,2021.0,10.1007/s11192-021-03895-1
WOS:000623721700001,2021.0,10.1007/s11192-021-03871-9
WOS:000577239100005,2020.0,10.1007/s11192-020-03631-1
WOS:000552196500009,2020.0,10.1007/s11192-020-03616-0
WOS:000547804200007,2020.0,10.1007/s11192-020-03597-0
WOS:000537676800004,2020.0,10.1007/s11192-020-03536-z
WOS:000529892100029,2020.0,10.1007/s11192-019-03281-y
WOS:000529458600001,2020.0,10.1007/s11192-020-03460-2
WOS:000519274300001,2020.0,10.1007/s11192-019-03312-8
WOS:000511927600012,2020.0,10.1007/s11192-019-03327-1
WOS:000495302900010,2019.0,10.1007/s11192-019-03231-8
WOS:000493645500001,2020.0,10.1007/s11192-019-03274-x
WOS:000481434200005,2019.0,10.1007/s11192-019-03175-z
WOS:000471656400014,2019.0,10.1007/s11192-019-03121-z
WOS:000464901100020,2019.0,10.1007/s11192-019-03073-4
WOS:000460804500007,2019.0,10.1007/s11192-018-03000-z
WOS:000456290600005,2019.0,10.1007/s11192-018-2967-4
WOS:000451754600010,2018.0,10.1007/s11192-018-2909-1
WOS:000442007200002,2018.0,10.1007/s11192-018-2826-3
WOS:000440597800021,2018.0,10.1007/s11192-018-2775-x
WOS:000426807700030,2018.0,10.1007/s11192-018-2666-1
WOS:000424685100002,2018.0,10.1007/s11192-017-2529-1
WOS:000415715100002,2017.0,10.1007/s11192-017-2538-0
WOS:000415715100031,2017.0,10.1007/s11192-016-1966-6
WOS:000405275500013,2017.0,10.1007/s11192-017-2419-6
WOS:000403466900024,2017.0,10.1007/s11192-017-2396-9
WOS:000399871500009,2017.0,10.1007/s11192-017-2268-3
WOS:000399871500012,2017.0,10.1007/s11192-017-2282-5
WOS:000393748300017,2017.0,10.1007/s11192-016-2159-z
WOS:000379346000030,2016.0,10.1007/s11192-015-1555-0
WOS:000378777500018,2016.0,10.1007/s11192-016-1973-7
WOS:000374705700017,2016.0,10.1007/s11192-015-1824-y
WOS:000369017300002,2016.0,10.1007/s11192-015-1796-y
WOS:000365130100023,2015.0,10.1007/s11192-015-1645-z
WOS:000352995000015,2015.0,10.1007/s11192-015-1536-3
WOS:000351546100009,2015.0,10.1007/s11192-014-1521-2
WOS:000348324000036,2015.0,10.1007/s11192-014-1445-x
WOS:000348324000021,2015.0,10.1007/s11192-014-1449-6
WOS:000347297400040,2015.0,10.1007/s11192-014-1369-5
WOS:000330622600037,2014.0,10.1007/s11192-013-1183-5
WOS:000323437400006,2013.0,10.1007/s11192-012-0917-0
WOS:000316046000027,2013.0,10.1007/s11192-012-0854-y
WOS:000289106900008,2011.0,10.1007/s11192-010-0330-5
WOS:000286627500012,2011.0,10.1007/s11192-010-0295-4
WOS:000274111600003,2010.0,10.1007/s11192-009-0057-3
WOS:000270979000008,2009.0,10.1007/s11192-008-2189-2
WOS:000270841800016,2009.0,10.1007/s11192-009-2125-0
WOS:000256779500006,2008.0,10.1007/s11192-007-1902-x
WOS:000244509600013,2007.0,10.1007/s11192-007-0313-3
WOS:000244509600008,2007.0,10.1007/s11192-007-0308-0
WOS:000653118600004,2021.0,10.1007/s11192-021-04002-0
WOS:000648311800002,2021.0,10.1007/s11192-021-03989-w
WOS:000644380300004,2021.0,10.1007/s11192-021-03978-z
WOS:000624407500006,2021.0,10.1007/s11192-021-03884-4
WOS:000603177000001,2021.0,10.1007/s11192-020-03751-8
WOS:000599791400007,2021.0,10.1007/s11192-020-03803-z
WOS:000569300100015,2020.0,10.1007/s11192-020-03700-5
WOS:000569300100001,2020.0,10.1007/s11192-020-03691-3
WOS:000560296000008,2020.0,10.1007/s11192-020-03668-2
WOS:000543290600010,2020.0,10.1007/s11192-020-03556-9
WOS:000543290600002,2020.0,10.1007/s11192-020-03572-9
WOS:000541215000001,2020.0,10.1007/s11192-020-03565-8
WOS:000541215100001,2020.0,10.1007/s11192-020-03538-x
WOS:000534949200005,2020.0,10.1007/s11192-020-03463-z
WOS:000533060200001,2020.0,10.1007/s11192-020-03492-8
WOS:000516578700017,2020.0,10.1007/s11192-019-03332-4
WOS:000469058000010,2019.0,10.1007/s11192-019-03092-1
WOS:000464901100015,2019.0,10.1007/s11192-019-03075-2
WOS:000464901100023,2019.0,10.1007/s11192-019-03078-z
WOS:000464901100003,2019.0,10.1007/s11192-019-03090-3
WOS:000451754600031,2018.0,10.1007/s11192-018-2922-4
WOS:000440597800006,2018.0,10.1007/s11192-018-2774-y
WOS:000440597800035,2018.0,10.1007/s11192-018-2821-8
WOS:000437262800028,2018.0,10.1007/s11192-018-2794-7
WOS:000429006100002,2018.0,10.1007/s11192-018-2685-y
WOS:000426807700002,2018.0,10.1007/s11192-018-2659-0
WOS:000424685100006,2018.0,10.1007/s11192-017-2591-8
WOS:000424685100016,2018.0,10.1007/s11192-017-2528-2
WOS:000415715100022,2017.0,10.1007/s11192-017-2544-2
WOS:000412920200010,2017.0,10.1007/s11192-017-2491-y
WOS:000399871500011,2017.0,10.1007/s11192-017-2311-4
WOS:000398770700016,2017.0,10.1007/s11192-017-2257-6
WOS:000398770700011,2017.0,10.1007/s11192-017-2271-8
WOS:000394339500003,2017.0,10.1007/s11192-016-2215-8
WOS:000379346000022,2016.0,10.1007/s11192-016-1987-1
WOS:000379346000017,2016.0,10.1007/s11192-016-1971-9
WOS:000368075800010,2016.0,10.1007/s11192-015-1790-4
WOS:000348324000017,2015.0,10.1007/s11192-014-1476-3
WOS:000342228300012,2014.0,10.1007/s11192-014-1331-6
WOS:000339379600010,2014.0,10.1007/s11192-014-1249-z
WOS:000337171300010,2014.0,10.1007/s11192-014-1257-z
WOS:000337171300004,2014.0,10.1007/s11192-014-1286-7
WOS:000330622600007,2014.0,10.1007/s11192-013-1075-8
WOS:000327219900018,2013.0,10.1007/s11192-013-0996-6
WOS:000318807000005,2013.0,10.1007/s11192-012-0936-x
WOS:000292210400002,2011.0,10.1007/s11192-011-0411-0
WOS:000286496200016,2011.0,10.1007/s11192-010-0301-x
WOS:000283090300010,2010.0,10.1007/s11192-010-0256-y
WOS:000280947400022,2010.0,10.1007/s11192-010-0208-6
WOS:000280274400004,2010.0,10.1007/s11192-010-0164-1
WOS:000277418400008,2010.0,10.1007/s11192-009-0124-9
WOS:000270841800017,2009.0,10.1007/s11192-008-2123-7
WOS:000256779500009,2008.0,10.1007/s11192-007-1889-3
WOS:000237888500005,2006.0,10.1556/Scient.67.2006.2.5
WOS:000240477000010,2006.0,10.1007/s11192-006-0144-7
WOS:000741622100009,2022.0,10.1007/s11192-021-04207-3
WOS:000671640200002,2021.0,10.1007/s11192-021-04066-y
WOS:000633283300002,2021.0,10.1007/s11192-021-03899-x
WOS:000599791400008,2021.0,10.1007/s11192-020-03816-8
WOS:000599791400004,2021.0,10.1007/s11192-020-03800-2
WOS:000582830200003,2020.0,10.1007/s11192-020-03717-w
WOS:000569300100003,2020.0,10.1007/s11192-020-03681-5
WOS:000566410500001,2020.0,10.1007/s11192-020-03672-6
WOS:000552196500007,2020.0,10.1007/s11192-020-03634-y
WOS:000516437800007,2020.0,10.1007/s11192-020-03397-6
WOS:000519275900001,2020.0,10.1007/s11192-019-03311-9
WOS:000493676300003,2020.0,10.1007/s11192-019-03275-w
WOS:000481434200006,2019.0,10.1007/s11192-019-03179-9
WOS:000464901100033,2019.0,10.1007/s11192-019-03089-w
WOS:000464901100017,2019.0,10.1007/s11192-019-03069-0
WOS:000451754300005,2018.0,10.1007/s11192-018-2888-2
WOS:000451754300017,2018.0,10.1007/s11192-018-2910-8
WOS:000451754300029,2018.0,10.1007/s11192-017-2576-7
WOS:000437262800014,2018.0,10.1007/s11192-018-2716-8
WOS:000415715100008,2017.0,10.1007/s11192-017-2523-7
WOS:000412920200013,2017.0,10.1007/s11192-017-2511-y
WOS:000403466900025,2017.0,10.1007/s11192-017-2369-z
WOS:000403466900020,2017.0,10.1007/s11192-017-2390-2
WOS:000399871500002,2017.0,10.1007/s11192-017-2283-4
WOS:000389336100034,2016.0,10.1007/s11192-016-2149-1
WOS:000386373000020,2016.0,10.1007/s11192-016-1978-2
WOS:000382915800030,2016.0,10.1007/s11192-016-2095-y
WOS:000379346000032,2016.0,10.1007/s11192-016-1840-6
WOS:000378777500013,2016.0,10.1007/s11192-016-1940-3
WOS:000376273700015,2016.0,10.1007/s11192-016-1933-2
WOS:000347297400052,2015.0,10.1007/s11192-014-1432-2
WOS:000340569800008,2014.0,10.1007/s11192-014-1318-3
WOS:000339379600020,2014.0,10.1007/s11192-014-1277-8
WOS:000334277800014,2014.0,10.1007/s11192-013-1205-3
WOS:000330622600023,2014.0,10.1007/s11192-013-1096-3
WOS:000329319200023,2014.0,10.1007/s11192-013-1004-x
WOS:000327219900012,2013.0,10.1007/s11192-013-1053-1
WOS:000327219900010,2013.0,10.1007/s11192-013-1012-x
WOS:000289792600015,2011.0,10.1007/s11192-011-0363-4
WOS:000270979000002,2009.0,10.1007/s11192-008-2160-2
WOS:000261950000003,2008.0,10.1007/s11192-007-1950-2
WOS:000232418400010,2005.0,10.1007/s11192-005-0281-4
WOS:000697088100001,2021.0,10.1007/s11192-021-04150-3
WOS:000695389700001,2021.0,10.1007/s11192-021-04128-1
WOS:000684062700001,2021.0,10.1007/s11192-021-04122-7
WOS:000671640200005,2021.0,10.1007/s11192-021-04072-0
WOS:000652085100001,2021.0,10.1007/s11192-021-04041-7
WOS:000648311700001,2021.0,10.1007/s11192-021-03960-9
WOS:000590999100005,2021.0,10.1007/s11192-020-03754-5
WOS:000582810200005,2021.0,10.1007/s11192-020-03756-3
WOS:000578562100003,2020.0,10.1007/s11192-020-03718-9
WOS:000533060200006,2020.0,10.1007/s11192-020-03500-x
WOS:000530786700001,2020.0,10.1007/s11192-020-03451-3
WOS:000529892100015,2020.0,10.1007/s11192-020-03410-y
WOS:000529597400002,2020.0,10.1007/s11192-020-03476-8
WOS:000526043000001,2020.0,10.1007/s11192-020-03382-z
WOS:000516578700006,2020.0,10.1007/s11192-019-03342-2
WOS:000515712700001,2020.0,10.1007/s11192-020-03371-2
WOS:000495846500001,2020.0,10.1007/s11192-019-03263-0
WOS:000491201000018,2019.0,10.1007/s11192-019-03221-w
WOS:000491201000007,2019.0,10.1007/s11192-019-03219-4
WOS:000490369400001,2019.0,10.1007/s11192-019-03271-0
WOS:000485943600006,2019.0,10.1007/s11192-019-03189-7
WOS:000481434200027,2019.0,10.1007/s11192-018-03003-w
WOS:000477044700014,2019.0,10.1007/s11192-019-03134-8
WOS:000464901100032,2019.0,10.1007/s11192-019-03071-6
WOS:000442007200038,2018.0,10.1007/s11192-018-2820-9
WOS:000429006100024,2018.0,10.1007/s11192-018-2698-6
WOS:000425306300022,2018.0,10.1007/s11192-017-2588-3
WOS:000424685100025,2018.0,10.1007/s11192-017-2602-9
WOS:000412920200029,2017.0,10.1007/s11192-017-2508-6
WOS:000405275500022,2017.0,10.1007/s11192-017-2424-9
WOS:000398770700014,2017.0,10.1007/s11192-017-2245-x
WOS:000394339500027,2017.0,10.1007/s11192-016-2226-5
WOS:000394339500011,2017.0,10.1007/s11192-016-2222-9
WOS:000394148300010,2017.0,10.1007/s11192-016-2194-9
WOS:000389336100016,2016.0,10.1007/s11192-016-2143-7
WOS:000374705700018,2016.0,10.1007/s11192-016-1834-4
WOS:000350337000020,2015.0,10.1007/s11192-014-1503-4
WOS:000330622600009,2014.0,10.1007/s11192-013-1108-3
WOS:000310964500012,2012.0,10.1007/s11192-012-0810-x
WOS:000278267100019,2010.0,10.1007/s11192-009-0115-x
WOS:000271989600013,2009.0,10.1007/s11192-009-2290-1
WOS:000256839600001,2008.0,10.1007/s11192-007-1831-8
WOS:000248080300005,2007.0,10.1007/s11192-007-1725-9
WOS:000243559500003,2007.0,10.1007/s11192-007-0202-9
WOS:000186999600007,2003.0,10.1023/B:SCIE.0000006881.30700.ea
WOS:000300325800017,2012.0,10.1007/s11192-010-0337-y
WOS:000243559500012,2007.0,10.1007/s11192-007-0211-8
WOS:000313016300004,2013.0,10.1007/s11192-012-0779-5
WOS:000300325800015,2012.0,10.1007/s11192-011-0481-z
WOS:000260472100011,2008.0,10.1007/s11192-008-2104-x
WOS:A1997XD04400002,1997.0,10.1007/BF02457428
WOS:A1990DQ17100004,1990.0,10.1007/BF02130464
WOS:000316046000003,2013.0,10.1007/s11192-012-0803-9
WOS:000282048200015,2010.0,10.1007/s11192-010-0214-8
WOS:000278695500007,2010.0,10.1007/s11192-009-0111-1
WOS:000276499500009,2010.0,10.1007/s11192-009-0009-y
WOS:000235063000010,2006.0,10.1007/s11192-006-0041-0
WOS:000324275600009,2013.0,10.1007/s11192-013-1056-y
WOS:000316046000010,2013.0,10.1007/s11192-012-0817-3
WOS:000289792600017,2011.0,10.1007/s11192-011-0338-5
WOS:000260472100005,2008.0,10.1007/s11192-007-1997-0
WOS:000280274400015,2010.0,10.1007/s11192-009-0129-4
WOS:A1985AHA3800013,1985.0,10.1007/BF02017152
WOS:000307517500017,2012.0,10.1007/s11192-012-0636-6
WOS:000292210400018,2011.0,10.1007/s11192-011-0406-x
WOS:000280947400021,2010.0,10.1007/s11192-010-0189-5
WOS:000223177700002,2004.0,10.1023/B:SCIE.0000037360.59788.fb
WOS:A1984ADM3500001,1984.0,10.1007/BF02025827
WOS:000300325800010,2012.0,10.1007/s11192-011-0553-0
WOS:000248080300002,2007.0,10.1007/s11192-007-1713-0
WOS:000223177700004,2004.0,10.1023/B:SCIE.0000037362.11986.42
WOS:A1995RW23900008,1995.0,10.1007/BF02017339
WOS:A1991EY26100016,1991.0,10.1007/BF02018153
WOS:000316046000005,2013.0,10.1007/s11192-012-0793-7
WOS:000307517500003,2012.0,10.1007/s11192-011-0603-7
WOS:000299088900004,2012.0,10.1007/s11192-011-0478-7
WOS:000268881700016,2009.0,10.1007/s11192-009-2121-4
WOS:000255094900003,2008.0,10.1007/s11192-007-1854-1
WOS:A1983RJ59500006,1983.0,10.1007/BF02147229
WOS:000323437400004,2013.0,10.1007/s11192-012-0913-4
WOS:000321852600006,2013.0,10.1007/s11192-013-0958-z
WOS:000292210400020,2011.0,10.1007/s11192-011-0393-y
WOS:000292210400024,2011.0,10.1007/s11192-011-0409-7
WOS:000278267100016,2010.0,10.1007/s11192-009-0104-0
WOS:000270841800011,2009.0,10.1007/s11192-009-2119-y
WOS:000267368100001,2009.0,10.1007/s11192-008-1824-2
WOS:A1993MB29700003,1993.0,10.1007/BF02016898
WOS:000310964500026,2012.0,10.1007/s11192-012-0714-9
WOS:000306547000023,2012.0,10.1007/s11192-012-0677-x
WOS:000303533600026,2012.0,10.1007/s11192-012-0628-6
WOS:000286496200003,2011.0,10.1007/s11192-010-0258-9
WOS:000257400200002,2008.0,10.1007/s11192-007-1942-2
WOS:000244692200007,2007.0,10.1007/s11192-007-1656-5
WOS:A1981MV19300001,1981.0,10.1007/BF02017435
WOS:000321852600011,2013.0,10.1007/s11192-012-0926-z
WOS:000286496200019,2011.0,10.1007/s11192-010-0282-9
WOS:000243471400001,2007.0,10.1007/s11192-007-0101-0
WOS:000228999100002,2005.0,10.1007/s11192-005-0211-5
WOS:000081204300004,1999.0,10.1007/BF02458434
WOS:A1995RE48700007,1995.0,10.1007/BF02020571
WOS:A1992JV15700002,1992.0,10.1007/BF02028083
WOS:000292210400021,2011.0,10.1007/s11192-011-0412-z
WOS:000075877700007,1998.0,10.1007/BF02458396
WOS:000074470600005,1998.0,10.1007/BF02458355
WOS:000310964500016,2012.0,10.1007/s11192-012-0743-4
WOS:000310230400016,2012.0,10.1007/s11192-012-0695-8
WOS:000301188500005,2012.0,10.1007/s11192-011-0529-0
WOS:000283090300002,2010.0,10.1007/s11192-010-0293-6
WOS:000274111600008,2010.0,10.1007/s11192-009-0038-6
WOS:000262686700011,2009.0,10.1007/s11192-008-2166-9
WOS:000178380300004,2002.0,10.1023/A:1020462712923
WOS:000307517500006,2012.0,10.1007/s11192-012-0631-y
WOS:000223177700008,2004.0,10.1023/B:SCIE.0000037366.83414.09
WOS:000088918600005,2000.0,10.1023/A:1005632402450
WOS:000080962700004,1999.0,10.1007/BF02458468
WOS:000074470600001,1998.0,10.1007/BF02458351
WOS:A1996UZ93200006,1996.0,10.1007/BF02126647
WOS:A1982NE87500003,1982.0,10.1007/BF02098005
WOS:000296473400009,2011.0,10.1007/s11192-011-0469-8
WOS:000277418400015,2010.0,10.1007/s11192-009-0156-1
WOS:000276499500002,2010.0,10.1007/s11192-009-0001-6
WOS:A1988M250300001,1988.0,10.1007/BF02017176
WOS:000307517500004,2012.0,10.1007/s11192-011-0610-8
WOS:000278695500008,2010.0,10.1007/s11192-009-0103-1
WOS:000251830300006,2008.0,10.1007/s11192-008-0104-5
WOS:A1988M250300002,1988.0,10.1007/BF02017177
WOS:000310964500031,2012.0,10.1007/s11192-012-0740-7
WOS:000280274400003,2010.0,10.1007/s11192-010-0202-z
WOS:000251368500005,2007.0,10.1007/s11192-007-1805-x
WOS:000244692200001,2007.0,10.1007/s11192-007-1600-8
WOS:000294839200008,2011.0,10.1007/s11192-011-0419-5
WOS:000292210400010,2011.0,10.1007/s11192-011-0382-1
WOS:000268019900007,2009.0,10.1007/s11192-008-2086-8
WOS:A1980JJ16200001,1980.0,10.1007/BF02279362
WOS:000321852600007,2013.0,10.1007/s11192-012-0945-9
WOS:000292210200003,2011.0,10.1007/s11192-011-0392-z
WOS:000286496200017,2011.0,10.1007/s11192-010-0281-x
WOS:000260472100002,2008.0,10.1007/s11192-007-1980-9
WOS:000248080300006,2007.0,10.1007/s11192-007-1722-z
WOS:000090059500009,2000.0,10.1023/A:1010559323943
WOS:A1995TH59000006,1995.0,10.1007/BF02020423
WOS:A1993MB29700005,1993.0,10.1007/BF02016900
WOS:A1992HK88500005,1992.0,10.1007/BF02017046
WOS:A1981MC46900001,1981.0,10.1007/BF02021121
WOS:000294839200022,2011.0,10.1007/s11192-011-0447-1
WOS:000265778100015,2009.0,10.1007/s11192-009-0428-9
WOS:000261950100012,2009.0,10.1007/s11192-008-2109-5
WOS:000244509600004,2007.0,10.1007/s11192-007-0304-4
WOS:000240477000012,2006.0,10.1007/s11192-006-0146-5
WOS:000318807000013,2013.0,10.1007/s11192-012-0910-7
WOS:000296473400008,2011.0,10.1007/s11192-011-0464-0
WOS:000294839700018,2011.0,10.1007/s11192-011-0417-7
WOS:000284888600007,2011.0,10.1007/s11192-010-0250-4
WOS:000278267100002,2010.0,10.1007/s11192-009-0070-6
WOS:000252808500001,2008.0,10.1007/s11192-008-0211-3
WOS:000299088900005,2012.0,10.1007/s11192-011-0528-1
WOS:000299088900008,2012.0,10.1007/s11192-011-0495-6
WOS:000316046000028,2013.0,10.1007/s11192-012-0865-8
WOS:000287665900011,2011.0,10.1007/s11192-010-0299-0
WOS:000278267100018,2010.0,10.1007/s11192-010-0161-4
WOS:000270979000004,2009.0,10.1007/s11192-008-2143-3
WOS:000263155900007,2009.0,10.1007/s11192-007-2014-3
WOS:000246373000010,2007.0,10.1007/s11192-007-1691-2
WOS:A1997XW52300003,1997.0,10.1007/BF02458529
WOS:000299088900024,2012.0,10.1007/s11192-011-0583-7
WOS:000294839700021,2011.0,10.1007/s11192-011-0425-7
WOS:000289792600013,2011.0,10.1007/s11192-011-0355-4
WOS:A1991EY26100021,1991.0,10.1007/BF02018158
WOS:000280274400019,2010.0,10.1007/s11192-010-0200-1
WOS:A1996VG05900005,1996.0,10.1007/BF02017315
WOS:A1992HX84600011,1992.0,10.1007/BF02026480
WOS:A1991EY26100008,1991.0,10.1007/BF02018145
WOS:000255094900005,2008.0,10.1007/s11192-007-1858-x
WOS:000176415500008,2002.0,10.1023/A:1016059222182
WOS:000301188500024,2012.0,10.1007/s11192-011-0578-4
WOS:000254939600011,2008.0,10.1007/s11192-007-1853-2
WOS:A1996UZ93200010,1996.0,10.1007/BF02126652
WOS:000314753500027,2013.0,10.1007/s11192-012-0841-3
WOS:000287665900006,2011.0,10.1007/s11192-010-0306-5
WOS:000282048200013,2010.0,10.1007/s11192-010-0253-1
WOS:000176415300007,2002.0,10.1023/A:1016065929026
WOS:000078882500007,1999.0,10.1007/BF02457382
WOS:000316046000008,2013.0,10.1007/s11192-012-0824-4
WOS:000294839200016,2011.0,10.1007/s11192-011-0451-5
WOS:000286496200002,2011.0,10.1007/s11192-010-0232-6
WOS:000278267100010,2010.0,10.1007/s11192-009-0062-6
WOS:000276499500017,2010.0,10.1007/s11192-009-0097-8
WOS:000075877700005,1998.0,10.1007/BF02458394
WOS:A1996VG05900006,1996.0,10.1007/BF02017316
WOS:A1995PY58100004,1995.0,10.1007/BF02020188
WOS:000296474400001,2011.0,10.1007/s11192-011-0483-x
WOS:000277418400007,2010.0,10.1007/s11192-009-0130-y
WOS:000277418400013,2010.0,10.1007/s11192-009-0137-4
WOS:000254486000009,2008.0,10.1007/s11192-007-1815-8
WOS:000254486000001,2008.0,10.1007/s11192-007-1586-2
WOS:000081204300008,1999.0,10.1007/BF02458438
WOS:A1994PN94000005,1994.0,10.1007/BF02018560
WOS:A1984SJ22900008,1984.0,10.1007/BF02020116
